10_1	1.26	105292.0
10_2	1.38	105420.0
10_3	1.47	105344.0
10_4	1.27	105400.0
10_5	1.51	105408.0
10_6	1.35	105400.0
10_7	1.24	105204.0
10_8	1.29	105624.0
10_9	1.31	105556.0
10_10	1.36	105172.0
10_11	1.38	105444.0
10_12	1.44	104792.0
10_13	1.53	105360.0
10_14	1.31	105320.0
10_15	1.6	105348.0
10_16	2.0	105552.0
10_17	2.13	105260.0
10_18	1.87	105268.0
10_19	2.06	104940.0
10_20	1.84	104896.0
20_1	1.29	105156.0
20_2	1.76	105284.0
20_3	1.82	105396.0
20_4	2.24	105440.0
20_5	1.96	105376.0
20_6	1.57	105504.0
20_7	1.46	105664.0
20_8	1.39	105324.0
20_9	1.46	105624.0
20_10	1.16	105320.0
20_11	1.19	105152.0
20_12	1.47	105052.0
20_13	1.31	105584.0
20_14	1.32	105172.0
20_15	1.67	105288.0
20_16	1.39	105312.0
20_17	1.38	105608.0
20_18	1.23	105452.0
20_19	1.3	105288.0
20_20	1.19	105648.0
50_1	1.33	105680.0
50_2	1.31	105252.0
50_3	1.53	105380.0
50_4	1.36	105436.0
50_5	1.3	105204.0
50_6	1.26	105372.0
50_7	1.21	105664.0
50_8	1.5	105304.0
50_9	1.29	105628.0
50_10	1.66	105244.0
50_11	1.29	105540.0
50_12	1.27	105576.0
50_13	1.71	105468.0
50_14	1.37	105588.0
50_15	1.26	105468.0
50_16	1.17	105416.0
50_17	1.36	105200.0
50_18	1.5	105276.0
50_19	1.26	105608.0
50_20	1.88	105656.0
100_1	1.25	105712.0
100_2	1.16	105480.0
100_3	1.64	105284.0
100_4	1.31	105520.0
100_5	1.28	105440.0
100_6	1.54	105212.0
100_7	1.25	105508.0
100_8	1.95	105400.0
100_9	1.45	105348.0
100_10	1.36	105392.0
100_11	1.85	105548.0
100_12	1.42	105412.0
100_13	1.27	105376.0
100_14	1.34	105392.0
100_15	1.77	105644.0
100_16	2.0	105448.0
100_17	2.18	105252.0
100_18	1.99	105572.0
100_19	2.03	105236.0
100_20	1.83	105644.0
200_1	1.33	105620.0
200_2	1.81	105404.0
200_3	2.08	105624.0
200_4	2.41	105420.0
200_5	1.51	105464.0
200_6	1.69	105624.0
200_7	1.49	105464.0
200_8	1.95	105448.0
200_9	1.36	105472.0
200_10	1.46	105456.0
200_11	1.81	105480.0
200_12	1.5	105468.0
200_13	1.39	105264.0
200_14	1.32	105468.0
200_15	1.52	105372.0
200_16	1.61	105408.0
200_17	1.82	105384.0
200_18	1.62	105624.0
200_19	1.33	105448.0
200_20	1.46	105412.0
500_1	2.19	105188.0
500_2	2.12	105528.0
500_3	1.94	105088.0
500_4	2.02	105584.0
500_5	2.03	105616.0
500_6	1.97	105716.0
500_7	1.93	105072.0
500_8	2.01	105488.0
500_9	1.93	105436.0
500_10	2.15	105628.0
500_11	1.91	105296.0
500_12	1.96	105092.0
500_13	2.28	105544.0
500_14	2.12	105440.0
500_15	1.87	105488.0
500_16	2.11	105560.0
500_17	2.41	105636.0
500_18	1.83	105480.0
500_19	2.02	105596.0
500_20	1.8	105388.0
1000_1	4.0	105516.0
1000_2	4.01	105604.0
1000_3	4.73	105716.0
1000_4	4.18	105540.0
1000_5	4.27	105252.0
1000_6	4.11	105504.0
1000_7	4.34	105524.0
1000_8	3.97	105728.0
1000_9	4.17	105596.0
1000_10	4.37	105700.0
1000_11	4.32	105648.0
1000_12	4.4	105624.0
1000_13	4.15	105788.0
1000_14	4.07	105240.0
1000_15	4.48	105312.0
1000_16	5.14	105552.0
1000_17	4.57	105712.0
1000_18	4.65	105800.0
1000_19	4.78	105696.0
1000_20	4.29	105772.0
2000_1	13.16	105404.0
2000_2	13.02	105548.0
2000_3	12.12	105612.0
2000_4	12.95	105424.0
2000_5	12.74	105556.0
2000_6	12.51	105640.0
2000_7	12.93	105516.0
2000_8	12.18	105568.0
2000_9	12.46	105832.0
2000_10	12.67	106024.0
2000_11	12.11	105508.0
2000_12	11.93	105364.0
2000_13	12.78	105880.0
2000_14	12.41	105480.0
2000_15	12.64	106048.0
2000_16	12.57	105480.0
2000_17	12.9	105612.0
2000_18	12.58	105776.0
2000_19	12.25	105832.0
2000_20	12.95	105916.0
5000_1	79.23	106244.0
5000_2	81.19	106488.0
5000_3	79.01	106656.0
5000_4	77.96	106596.0
5000_5	76.91	106280.0
5000_6	81.82	106272.0
5000_7	77.57	106292.0
5000_8	80.97	106276.0
5000_9	80.45	106024.0
5000_10	75.23	106272.0
5000_11	76.79	106652.0
5000_12	76.92	106596.0
5000_13	78.81	106544.0
5000_14	79.05	106308.0
5000_15	76.78	106420.0
5000_16	76.37	106308.0
5000_17	77.33	106380.0
5000_18	77.16	106304.0
5000_19	75.52	106324.0
5000_20	78.74	106464.0
10000_1	313.83	113528.0
10000_2	318.34	113740.0
10000_3	290.42	113860.0
10000_4	275.47	113760.0
10000_5	315.48	113792.0
10000_6	320.86	113628.0
10000_7	315.76	113828.0
10000_8	313.47	113664.0
10000_9	320.43	113768.0
10000_10	322.72	113180.0
10000_11	320.94	113588.0
10000_12	321.52	113848.0
10000_13	328.52	113724.0
10000_14	305.97	113780.0
10000_15	298.68	113752.0
10000_16	318.44	113740.0
10000_17	299.91	113376.0
10000_18	303.37	113540.0
10000_19	313.25	113508.0
10000_20	319.57	113616.0
20000_1	1099.94	140368.0
20000_2	1057.43	140152.0
20000_3	1063.95	140076.0
20000_4	1073.91	140560.0
20000_5	1072.61	140448.0
20000_6	1037.95	140492.0
20000_7	1077.56	140456.0
20000_8	1035.19	140352.0
20000_9	1054.84	140320.0
20000_10	1046.01	140248.0
20000_11	1060.64	140440.0
20000_12	1052.12	139976.0
20000_13	1041.82	140324.0
20000_14	1013.55	140372.0
20000_15	1086.49	140620.0
20000_16	1040.96	140668.0
20000_17	1010.21	140336.0
20000_18	1032.22	140092.0
20000_19	1055.18	140152.0
20000_20	1012.78	140364.0
