group	ks_dist_mean	ks_dist_sd	rel_sigma_-4_mean	rel_sigma_-4_sd	rel_sigma_-3_mean	rel_sigma_-3_sd	rel_sigma_-2_mean	rel_sigma_-2_sd	rel_sigma_-1_mean	rel_sigma_-1_sd	rel_sigma_1_mean	rel_sigma_1_sd	rel_sigma_2_mean	rel_sigma_2_sd	rel_sigma_3_mean	rel_sigma_3_sd	rel_sigma_4_mean	rel_sigma_4_sd
50	0.522503853060267	0.00013603756826278984	0	0.0	0	0.0	0	0.0	0	0.0	0.20829852832991233	0.00011255146046082764	0.759108522743492	0.00015010376641951591	0	0.0	0	0.0
100	0.2822716789254678	0.0013732044252897427	0	0.0	0	0.0	0	0.0	0	0.0	0.2956387690318427	0.004017002390209895	0.4839704555203096	0.0011049222785880586	0.7993405154001062	0.18814523469519526	0	0.0
200	0.08089312204908058	3.4664573991099726e-05	0	0.0	0	0.0	0	0.0	0.14947454567009044	3.881579396462332e-05	0.07712107356327463	0.00013925611386081965	0.37078416096572614	0.0003819598785372302	0.6438372014828992	0.0004925328033397118	0.8683686844303251	0.0002844248055191328
500	0.003575705491651548	7.364824824245635e-06	0	0.0	0	0.0	1.3826633581626881	0.02587606474318961	0.014608182517933534	0.0005844737216514996	0.026403147659177156	0.0005013249338602561	0.27999833677476715	0.0011914604471971357	0.6005769605508018	0.0011501999258822988	0.8296380464902463	0.0006499116275522146
1000	0.00032083323430576394	3.0205417928564004e-06	0	0.0	27.85672116526055	3.6908016691765257	0.611561349356398	0.013238321410465567	0.0004346959703447981	8.7973605406095e-05	0.017214961330102745	0.00012798660223950126	0.2220967996716523	0.0019304271405155523	0.5243381798567752	0.002561954783741106	0.7809188963241606	0.0021142172927446747
2000	0.00015735965894121662	1.701351807981634e-06	172.67297838702953	26.519991637359436	3.0343653026041153	0.10781985326572067	0.3422214270294365	0.006648805350086613	0.0020338708702585108	0.000358481029315026	0.010492022533791572	0.00028733013386188667	0.17294127215880042	0.0018168669652760207	0.4459190432220969	0.003468910121405235	0.7147552960321835	0.0032874015438997895
5000	6.209960186819614e-05	3.80028721684316e-07	6.088964512811648	0.14641867011875	1.0195171449703138	0.014982356964672922	0.1854278646592071	0.001936160347607777	0.0024789072761542867	9.690049686366627e-05	0.005775126623749295	7.751969625620737e-05	0.12132309478252956	0.0008658613881086525	0.3438077909151063	0.002124895657336073	0.6052045569087533	0.0026941802183484075
10000	3.162460951621457e-05	2.682887520398357e-07	2.482013472740076	0.0654569978743602	0.6061788521084448	0.011019578911898907	0.12765153352045172	0.0018636493247682407	0.0020324136032342705	5.857606212146592e-05	0.003786804497795057	5.668190611832587e-05	0.09372238804180741	0.0010043238172447125	0.28025849887204685	0.002752921312646987	0.5229674632589579	0.0039601922169977466
20000	1.6422373221760215e-05	8.432449487937351e-08	1.3956748988099927	0.021146299148064308	0.4075460131230215	0.004631342891792559	0.09294887337771389	0.0008699647886147136	0.0015419213571936942	2.5454615518629474e-05	0.0024659475746187666	2.7367858473800775e-05	0.07371787966480643	0.0005761982194865179	0.2298389973394999	0.0015528649528284138	0.449548991199305	0.0025124617360834612
