chr5	112073581	112073622
chr5	112090569	112090722
chr5	112102022	112102107
chr5	112102885	112103087
chr5	112111325	112111434
chr5	112116486	112116600
chr5	112128142	112128226
chr5	112136975	112137080
chr5	112151191	112151290
chr5	112154662	112155041
chr5	112157592	112157688
chr5	112162804	112162944
chr5	112163625	112163703
chr5	112164552	112164669
chr5	112170647	112170862
chr5	112173249	112181936
chr2	128176002	128176068
chr2	128177497	128177588
chr2	128178858	128179025
chr2	128180492	128180517
chr2	128180609	128180747
chr2	128180849	128180984
chr2	128183660	128183803
chr2	128184680	128184798
chr2	128185932	128186818
chr5	112073581	112073622
chr5	112074049	112074157
chr5	112090569	112090722
chr5	112102022	112102107
chr5	112102885	112103087
chr5	112111325	112111434
chr5	112116486	112116600
chr5	112128142	112128226
chr5	112136975	112137080
chr5	112151191	112151290
chr5	112154662	112155041
chr5	112157592	112157688
chr5	112162804	112162944
chr5	112163625	112163703
chr5	112164552	112164669
chr5	112170647	112170862
chr5	112173249	112181936
chr5	112043194	112043579
chr5	112102022	112102107
chr5	112102885	112103087
chr5	112111325	112111434
chr5	112116486	112116600
chr5	112136975	112137080
chr5	112151191	112151290
chr5	112154662	112155041
chr5	112157592	112157688
chr5	112162804	112162944
chr5	112163625	112163703
chr5	112164552	112164669
chr5	112170647	112170862
chr5	112173249	112181936
chr5	112043194	112043579
chr5	112090569	112090722
chr5	112102022	112102107
chr5	112102885	112103087
chr5	112111325	112111434
chr5	112116486	112116600
chr5	112128142	112128226
chr5	112136975	112137080
chr5	112151191	112151290
chr5	112154662	112155041
chr5	112157592	112157688
chr5	112162804	112162944
chr5	112163625	112163703
chr5	112164552	112164669
chr5	112170647	112170862
chr5	112173249	112181936
chr5	112073581	112073622
chr5	112090569	112090722
chr5	112102022	112102107
chr5	112102885	112103087
chr5	112111325	112111434
chr5	112116486	112116600
chr5	112128142	112128226
chr5	112136975	112137080
chr5	112151191	112151290
chr5	112154662	112155041
chr5	112157592	112157688
chr5	112159003	112159057
chr5	112162804	112162944
chr5	112163625	112163703
chr5	112164552	112164669
chr5	112170647	112170862
chr5	112173249	112181936
chr5	112043194	112043579
chr5	112102022	112102107
chr5	112102885	112103087
chr5	112111325	112111434
chr5	112116486	112116600
chr5	112128142	112128226
chr5	112136975	112137080
chr5	112151191	112151290
chr5	112154662	112155041
chr5	112157592	112157688
chr5	112162804	112162944
chr5	112163625	112163703
chr5	112164552	112164669
chr5	112170647	112170862
chr5	112173249	112181936
chr5	112073581	112073622
chr5	112074049	112074157
chr5	112102022	112102107
chr5	112102885	112103087
chr5	112111325	112111434
chr5	112116486	112116600
chr5	112128142	112128226
chr5	112136975	112137080
chr5	112151191	112151290
chr5	112154662	112155041
chr5	112157592	112157688
chr5	112162804	112162944
chr5	112163625	112163703
chr5	112164552	112164669
chr5	112170647	112170862
chr5	112173249	112181936
chr5	112073581	112073622
chr5	112090569	112090722
chr5	112102022	112102107
chr5	112102885	112103087
chr5	112111325	112111434
chr5	112116486	112116600
chr5	112136975	112137080
chr5	112151191	112151290
chr5	112154662	112155041
chr5	112157592	112157688
chr5	112162804	112162944
chr5	112163625	112163703
chr5	112164552	112164669
chr5	112170647	112170862
chr5	112173249	112181936
chr5	112073581	112073622
chr5	112102022	112102107
chr5	112102885	112103087
chr5	112111325	112111434
chr5	112116486	112116600
chr5	112128142	112128226
chr5	112136975	112137080
chr5	112151191	112151290
chr5	112154662	112155041
chr5	112157592	112157688
chr5	112159003	112159057
chr5	112162804	112162944
chr5	112163625	112163703
chr5	112164552	112164669
chr5	112170647	112170862
chr5	112173249	112181936
chr5	112073581	112073622
chr5	112102022	112102107
chr5	112102885	112103087
chr5	112111325	112111434
chr5	112116486	112116600
chr5	112128142	112128226
chr5	112136975	112137080
chr5	112151191	112151290
chr5	112154662	112155041
chr5	112157592	112157688
chr5	112162804	112162944
chr5	112163625	112163703
chr5	112164552	112164669
chr5	112170647	112170862
chr5	112173249	112181936
chr5	112043194	112043579
chr5	112102022	112102107
chr5	112102885	112103087
chr5	112111325	112111434
chr5	112116486	112116600
chr5	112128142	112128226
chr5	112136975	112137080
chr5	112151191	112151290
chr5	112154965	112155041
chr5	112157592	112157688
chr5	112162804	112162944
chr5	112163625	112163703
chr5	112164552	112164669
chr5	112170647	112170862
chr5	112173249	112181936
chr5	112073581	112073622
chr5	112090569	112090722
chr5	112102022	112102107
chr5	112102885	112103087
chr5	112111325	112111434
chr5	112116486	112116600
chr5	112128142	112128226
chr5	112136975	112137080
chr5	112151191	112151290
chr5	112154965	112155041
chr5	112157592	112157688
chr5	112162804	112162944
chr5	112163625	112163703
chr5	112164552	112164669
chr5	112170647	112170862
chr5	112173249	112181936
chr5	112073581	112073622
chr5	112074049	112074157
chr5	112102022	112102107
chr5	112102885	112103087
chr5	112111325	112111434
chr5	112116486	112116600
chr5	112128142	112128226
chr5	112136975	112137080
chr5	112151191	112151290
chr5	112154965	112155041
chr5	112157592	112157688
chr5	112162804	112162944
chr5	112163625	112163703
chr5	112164552	112164669
chr5	112170647	112170862
chr5	112173249	112181936
chr5	112073581	112073622
chr5	112102022	112102107
chr5	112102885	112103087
chr5	112111325	112111434
chr5	112116486	112116600
chr5	112128142	112128226
chr5	112136975	112137080
chr5	112151191	112151290
chr5	112154965	112155041
chr5	112157592	112157688
chr5	112162804	112162944
chr5	112163625	112163703
chr5	112164552	112164669
chr5	112170647	112170862
chr5	112173249	112181936
chr5	112073581	112073622
chr5	112090569	112090722
chr5	112102022	112102107
chr5	112102885	112103087
chr5	112111325	112111434
chr5	112116486	112116600
chr5	112128142	112128226
chr5	112136975	112137080
chr5	112145822	112146008
chr5	112151191	112151290
chr5	112154662	112155041
chr5	112157592	112157688
chr5	112162804	112162944
chr5	112163625	112163703
chr5	112164552	112164669
chr5	112170647	112170862
chr5	112173249	112181936
chr2	128176002	128176068
chr2	128177381	128177588
chr2	128178858	128179025
chr2	128180492	128180517
chr2	128180609	128180747
chr2	128180849	128180984
chr2	128183660	128183803
chr2	128184680	128184798
chr2	128185932	128186818
chr2	128176002	128176068
chr2	128177501	128177588
chr2	128178858	128179025
chr2	128180492	128180517
chr2	128180609	128180984
chr2	128183660	128183803
chr2	128184680	128184798
chr2	128185932	128186818
chr2	128176002	128176068
chr2	128177501	128177588
chr2	128178858	128179025
chr2	128180492	128180517
chr2	128180609	128180747
chr2	128180849	128180984
chr2	128183660	128183803
chr2	128184680	128184798
chr2	128185932	128186818
chr2	128176002	128176068
chr2	128177497	128177588
chr2	128178858	128179025
chr2	128180492	128180517
chr2	128180609	128180984
chr2	128183660	128183803
chr2	128184680	128184798
chr2	128185932	128186818
chr2	128176002	128176068
chr2	128177501	128177588
chr2	128178858	128179025
chr2	128180492	128180760
chr2	128180849	128180984
chr2	128183660	128183803
chr2	128184680	128184798
chr2	128185932	128186818
chr2	128176002	128176068
chr2	128177445	128177588
chr2	128178893	128179025
chr2	128180492	128180517
chr2	128180609	128180984
chr2	128183660	128183803
chr2	128184680	128184798
chr2	128185932	128186818
chr2	128176002	128176068
chr2	128177497	128177588
chr2	128178858	128179025
chr2	128180492	128180517
chr2	128180609	128180747
chr2	128180906	128180984
chr2	128183660	128183803
chr2	128184680	128184798
chr2	128185932	128186818
chr2	128176002	128176068
chr2	128178858	128179025
chr2	128180492	128180517
chr2	128180609	128180747
chr2	128180849	128180984
chr2	128183660	128183803
chr2	128184680	128184798
chr2	128185932	128186818
chr2	128176002	128176068
chr2	128177497	128177588
chr2	128178864	128179025
chr2	128180492	128180517
chr2	128180609	128180747
chr2	128180849	128180984
chr2	128183660	128183803
chr2	128184680	128184798
chr2	128185932	128186818
chr2	128176002	128176088
chr2	128177501	128177588
chr2	128178858	128179025
chr2	128180492	128180517
chr2	128180609	128180747
chr2	128180849	128180984
chr2	128183660	128183803
chr2	128184680	128184798
chr2	128185932	128186818
chr2	128177272	128177588
chr2	128178858	128179025
chr2	128180492	128180517
chr2	128180609	128180747
chr2	128180849	128180984
chr2	128183660	128183803
chr2	128184680	128184798
chr2	128185932	128186818
chr4	1795019	1795192
chr4	1795559	1795770
chr4	1800980	1801250
chr4	1801473	1801539
chr4	1803093	1803263
chr4	1803346	1803470
chr4	1803561	1803752
chr4	1805418	1805563
chr4	1806056	1806247
chr4	1806550	1806696
chr4	1807081	1807203
chr4	1807285	1807396
chr4	1807476	1807667
chr4	1807777	1807900
chr4	1807983	1808054
chr4	1808272	1808410
chr4	1808555	1808661
chr4	1808842	1810594
chr4	1795019	1795192
chr4	1795559	1795770
chr4	1800980	1801250
chr4	1801473	1801539
chr4	1803093	1803263
chr4	1803346	1803470
chr4	1803561	1803752
chr4	1804640	1804791
chr4	1806056	1806247
chr4	1806550	1806696
chr4	1807081	1807203
chr4	1807285	1807396
chr4	1807476	1807667
chr4	1807777	1807900
chr4	1807983	1808054
chr4	1808272	1808410
chr4	1808555	1808661
chr4	1808842	1810594
chr4	1795019	1795192
chr4	1795559	1795770
chr4	1800980	1801250
chr4	1801473	1801539
chr4	1803093	1803263
chr4	1803346	1803470
chr4	1803561	1803752
chr4	1805418	1805563
chr4	1806056	1806247
chr4	1806547	1806696
chr4	1807081	1807203
chr4	1807285	1807396
chr4	1807476	1807667
chr4	1807777	1807900
chr4	1807983	1808054
chr4	1808272	1808410
chr4	1808555	1808661
chr4	1808842	1810594
chr4	1795019	1795192
chr4	1795559	1795770
chr4	1800980	1801250
chr4	1801473	1801539
chr4	1803093	1803263
chr4	1803346	1803470
chr4	1803561	1803752
chr4	1805418	1805563
chr4	1806056	1806247
chr4	1806547	1806696
chr4	1807081	1807203
chr4	1807285	1807396
chr4	1807476	1807667
chr4	1807777	1807900
chr4	1808272	1808410
chr4	1808555	1808661
chr4	1808842	1810594
chr4	1795019	1795192
chr4	1795559	1795770
chr4	1800980	1801250
chr4	1801473	1801539
chr4	1803093	1803263
chr4	1803346	1803470
chr4	1803561	1803752
chr4	1806550	1806696
chr4	1807081	1807203
chr4	1807285	1807396
chr4	1807476	1807667
chr4	1807777	1807900
chr4	1807983	1808054
chr4	1808272	1808410
chr4	1808555	1808661
chr4	1808842	1810594
chr4	1795019	1795192
chr4	1795559	1795770
chr4	1800980	1801250
chr4	1801473	1801539
chr4	1803093	1803263
chr4	1803346	1803470
chr4	1803561	1803752
chr4	1804640	1804791
chr4	1805418	1805563
chr4	1806056	1806247
chr4	1806550	1806696
chr4	1807081	1807203
chr4	1807285	1807396
chr4	1807476	1807667
chr4	1807777	1807900
chr4	1807983	1808054
chr4	1808272	1808410
chr4	1808555	1808661
chr4	1808842	1810594
chr17	29421944	29422387
chr17	29483000	29483144
chr17	29486027	29486111
chr17	29490203	29490394
chr17	29496908	29497015
chr17	29508439	29508507
chr17	29508727	29508803
chr17	29509525	29509683
chr17	29527439	29527613
chr17	29528054	29528177
chr17	29528428	29528503
chr17	29533257	29533389
chr17	29541468	29541603
chr17	29546022	29546136
chr17	29548867	29548947
chr17	29550461	29550585
chr17	29552112	29552268
chr17	29553452	29553702
chr17	29554235	29554309
chr17	29554540	29554624
chr17	29556042	29556483
chr17	29556852	29556992
chr17	29557277	29557400
chr17	29557859	29557943
chr17	29559090	29559207
chr17	29559717	29559899
chr17	29560019	29560231
chr17	29562628	29562790
chr17	29562935	29563039
chr17	29576001	29576137
chr17	29585361	29585520
chr17	29586049	29586147
chr17	29587386	29587533
chr17	29588728	29588875
chr17	29592246	29592357
chr17	29652837	29653270
chr17	29654516	29654857
chr17	29657313	29657516
chr17	29661855	29662049
chr17	29663350	29663491
chr17	29663652	29663932
chr17	29664385	29664600
chr17	29664836	29664898
chr17	29665042	29665157
chr17	29665721	29665823
chr17	29667522	29667663
chr17	29670026	29670153
chr17	29676137	29676269
chr17	29677200	29677336
chr17	29679274	29679432
chr17	29683477	29683600
chr17	29683977	29684108
chr17	29684286	29684387
chr17	29685497	29685640
chr17	29685986	29686033
chr17	29687504	29687721
chr17	29701030	29704695
chr17	29421994	29422387
chr17	29483000	29483144
chr17	29486027	29486111
chr17	29490203	29490394
chr17	29496908	29497015
chr17	29508439	29508507
chr17	29508727	29508803
chr17	29509525	29509683
chr17	29527439	29527613
chr17	29528054	29528177
chr17	29528428	29528503
chr17	29533257	29533389
chr17	29541468	29541603
chr17	29546022	29546136
chr17	29548867	29548947
chr17	29550461	29550585
chr17	29552112	29552268
chr17	29553452	29553702
chr17	29554235	29554309
chr17	29554540	29554624
chr17	29556042	29556483
chr17	29556852	29556992
chr17	29557277	29557400
chr17	29557859	29557943
chr17	29559090	29559207
chr17	29559717	29559899
chr17	29560019	29560231
chr17	29562628	29562790
chr17	29562935	29563039
chr17	29576001	29576137
chr17	29579955	29580018
chr17	29585361	29585520
chr17	29586049	29586147
chr17	29587386	29587533
chr17	29588728	29588875
chr17	29592246	29592357
chr17	29652837	29653270
chr17	29654516	29654857
chr17	29657313	29657516
chr17	29661855	29662049
chr17	29663350	29663491
chr17	29663652	29663932
chr17	29664385	29664600
chr17	29664836	29664898
chr17	29665042	29665157
chr17	29665721	29665823
chr17	29667522	29667663
chr17	29670026	29670153
chr17	29676137	29676269
chr17	29677200	29677336
chr17	29679274	29679432
chr17	29683477	29683600
chr17	29683977	29684108
chr17	29684286	29684387
chr17	29685497	29685640
chr17	29685986	29686033
chr17	29687504	29687721
chr17	29701030	29704693
chr17	29421994	29422387
chr17	29483000	29483144
chr17	29486027	29486111
chr17	29490203	29490394
chr17	29496908	29497015
chr17	29508439	29508507
chr17	29508727	29508803
chr17	29509525	29509683
chr17	29527439	29527613
chr17	29528054	29528177
chr17	29528428	29528503
chr17	29533257	29533389
chr17	29541468	29541603
chr17	29546022	29546136
chr17	29548867	29549782
chr11	31810573	31811567
chr11	31812257	31812408
chr11	31814985	31815101
chr11	31815199	31815350
chr11	31815579	31815662
chr11	31816177	31816336
chr11	31822238	31822404
chr11	31823108	31823324
chr11	31824251	31824382
chr11	31827949	31828010
chr11	31828396	31828473
chr11	31832375	31832563
chr11	31810573	31811567
chr11	31812257	31812408
chr11	31814985	31815101
chr11	31815199	31815350
chr11	31815579	31815662
chr11	31816177	31816336
chr11	31822238	31822404
chr11	31823108	31823324
chr11	31824251	31824382
chr11	31827949	31828010
chr11	31828396	31828473
chr11	31832375	31832563
chr11	31839356	31839509
chr11	31810573	31811567
chr11	31812257	31812408
chr11	31814985	31815101
chr11	31815199	31815350
chr11	31815579	31815662
chr11	31816177	31816336
chr11	31822238	31822404
chr11	31823108	31823324
chr11	31823418	31823460
chr11	31824251	31824382
chr11	31827949	31828010
chr11	31828396	31828473
chr11	31832375	31832563
chr11	31839356	31839509
chr11	31810573	31811567
chr11	31812257	31812408
chr11	31814985	31815101
chr11	31815199	31815350
chr11	31815579	31815662
chr11	31816177	31816336
chr11	31822238	31822404
chr11	31823108	31823324
chr11	31823418	31823460
chr11	31824251	31824382
chr11	31827949	31828010
chr11	31828396	31828473
chr11	31832375	31832563
chr11	31833640	31833751
chr11	31810573	31811567
chr11	31812257	31812408
chr11	31814985	31815101
chr11	31815199	31815350
chr11	31815579	31815662
chr11	31816177	31816336
chr11	31822238	31822404
chr11	31823108	31823324
chr11	31824251	31824382
chr11	31827949	31828010
chr11	31828396	31828473
chr11	31832375	31832563
chr11	31832760	31832870
chr11	31810573	31811567
chr11	31812257	31812408
chr11	31814985	31815101
chr11	31815199	31815350
chr11	31815579	31815662
chr11	31816177	31816336
chr11	31822238	31822404
chr11	31823108	31823324
chr11	31824251	31824382
chr11	31827949	31828010
chr11	31828396	31828473
chr11	31832375	31832669
chr11	31810573	31811567
chr11	31812257	31812408
chr11	31814985	31815101
chr11	31815199	31815350
chr11	31815579	31815662
chr11	31816177	31816336
chr11	31822238	31822404
chr11	31823108	31823324
chr11	31823418	31823460
chr11	31824251	31824382
chr11	31827949	31828010
chr11	31828396	31828473
chr11	31832375	31832563
chr11	31833696	31833751
chr11	31814752	31815101
chr11	31815199	31815350
chr11	31815579	31815662
chr11	31816177	31816336
chr11	31822238	31822404
chr11	31823108	31823324
chr11	31824251	31824382
chr11	31827949	31828010
chr11	31828396	31828473
chr11	31810573	31811567
chr11	31812257	31812408
chr11	31814985	31815101
chr11	31815199	31815350
chr11	31815579	31815662
chr11	31816177	31816336
chr11	31822238	31822404
chr11	31822777	31823324
chr11	31823418	31823460
chr11	31824251	31825607
chr11	31810573	31811567
chr11	31812257	31812408
chr11	31814985	31815101
chr11	31815199	31815350
chr11	31815579	31815662
chr11	31816177	31816336
chr11	31822238	31822404
chr11	31823108	31823324
chr11	31823418	31823460
chr11	31824251	31824382
chr11	31825499	31825607
chr11	31810573	31811567
chr11	31812257	31812408
chr11	31814985	31815101
chr11	31815199	31815350
chr11	31815579	31815662
chr11	31816177	31816336
chr11	31822238	31822404
chr11	31823108	31823324
chr11	31824251	31824382
chr11	31827949	31828010
chr11	31828396	31828473
chr11	31832375	31832563
chr11	31833355	31833586
chr11	31810573	31811567
chr11	31812257	31812408
chr11	31814985	31815101
chr11	31815199	31815350
chr11	31815579	31815662
chr11	31816177	31816336
chr11	31822238	31822404
chr11	31823108	31823324
chr11	31824251	31824382
chr11	31827949	31828010
chr11	31828396	31828473
chr11	31832375	31832563
chr11	31833640	31833751
chr11	31810573	31811567
chr11	31812257	31812408
chr11	31814985	31815101
chr11	31815199	31815350
chr11	31815579	31815662
chr11	31816177	31816336
chr11	31822238	31822404
chr11	31823108	31823324
chr11	31824251	31824382
chr11	31827949	31828010
chr11	31828396	31828473
chr11	31831453	31831507
chr11	31810573	31811567
chr11	31812257	31812408
chr11	31814985	31815101
chr11	31815199	31815350
chr11	31815579	31815662
chr11	31816177	31816336
chr11	31822238	31822404
chr11	31823108	31823324
chr11	31824251	31824382
chr11	31827949	31828010
chr11	31828396	31828473
chr11	31832375	31832563
chr11	31834119	31834268
chr11	31810573	31811567
chr11	31812257	31812408
chr11	31814985	31815101
chr11	31815199	31815350
chr11	31815579	31815662
chr11	31816177	31816336
chr11	31822238	31822404
chr11	31823108	31823324
chr11	31824251	31824382
chr11	31827949	31828010
chr11	31828396	31828473
chr11	31828837	31829170
chr11	31810573	31811567
chr11	31812257	31812408
chr11	31814985	31815101
chr11	31815199	31815350
chr11	31815579	31815662
chr11	31816177	31816336
chr11	31822238	31822404
chr11	31823108	31823324
chr11	31823418	31823460
chr11	31824251	31824382
chr11	31827949	31828010
chr11	31828396	31828473
chr11	31832375	31832669
chr11	31810573	31811567
chr11	31812257	31812408
chr11	31814985	31815101
chr11	31815199	31815350
chr11	31815579	31815662
chr11	31816177	31816336
chr11	31822238	31822404
chr11	31823108	31823324
chr11	31823418	31823460
chr11	31824251	31824382
chr11	31827949	31828010
chr11	31828396	31828473
chr11	31832375	31832498
chr11	31832526	31832563
chr11	31832662	31832870
chr11	31810573	31811567
chr11	31812257	31812408
chr11	31814985	31815101
chr11	31815199	31815350
chr11	31815579	31815662
chr11	31816177	31816336
chr11	31822238	31822404
chr11	31823108	31823324
chr11	31823418	31823460
chr11	31824251	31824382
chr11	31827949	31828010
chr11	31828396	31828473
chr11	31832375	31832563
chr11	31832662	31832870
chr11	31810573	31811567
chr11	31812257	31812408
chr11	31814985	31815101
chr11	31815199	31815350
chr11	31815579	31815662
chr11	31816177	31816336
chr11	31822238	31822404
chr11	31823108	31823324
chr11	31824251	31824382
chr11	31824945	31825221
chr11	31810573	31811567
chr11	31812257	31812408
chr11	31814985	31815101
chr11	31815199	31815350
chr11	31815579	31815662
chr11	31816177	31816336
chr11	31822238	31822404
chr11	31823108	31823324
chr11	31823418	31823460
chr11	31824251	31824382
chr11	31824945	31825221
chr11	31810573	31811567
chr11	31812257	31812408
chr11	31814985	31815101
chr11	31815199	31815350
chr11	31815579	31815662
chr11	31816177	31816336
chr11	31822238	31822404
chr11	31823108	31823324
chr11	31824251	31824382
chr11	31825499	31825607
chr11	31810573	31811567
chr11	31812257	31812408
chr11	31814985	31815101
chr11	31815199	31815350
chr11	31815579	31815662
chr11	31816177	31816336
chr11	31822238	31822404
chr11	31822777	31823324
chr11	31824251	31825221
chr11	31810573	31811567
chr11	31812257	31812408
chr11	31814985	31815101
chr11	31815199	31815350
chr11	31815579	31815662
chr11	31816177	31816336
chr11	31822238	31822404
chr11	31823108	31823324
chr11	31823418	31823460
chr11	31824251	31825221
chr11	31810573	31811567
chr11	31812257	31812408
chr11	31814985	31815101
chr11	31815199	31815350
chr11	31815579	31815662
chr11	31816177	31816336
chr11	31822238	31822404
chr11	31823108	31823324
chr11	31827949	31828010
chr11	31828396	31828473
chr11	31832375	31832669
chr11	31810573	31811567
chr11	31812257	31812408
chr11	31814985	31815101
chr11	31815199	31815350
chr11	31815579	31815662
chr11	31816177	31816336
chr11	31822238	31822404
chr11	31822777	31823324
chr11	31823418	31823460
chr11	31824251	31824382
chr11	31827949	31828010
chr11	31828396	31828473
chr11	31832375	31832669
chr11	31810573	31811567
chr11	31812257	31812408
chr11	31814985	31815101
chr11	31815199	31815350
chr11	31815579	31815662
chr11	31816177	31816336
chr11	31822238	31822404
chr11	31823108	31823324
chr11	31824251	31824382
chr11	31825131	31825274
chr11	31826936	31827549
chr11	31810573	31811567
chr11	31812257	31812408
chr11	31814985	31815101
chr11	31815199	31815350
chr11	31815579	31815662
chr11	31816177	31816336
chr11	31822238	31822404
chr11	31823108	31823324
chr11	31824251	31825221
chr11	31810573	31811567
chr11	31812257	31812408
chr11	31814985	31815101
chr11	31815199	31815350
chr11	31815579	31815662
chr11	31816177	31816336
chr11	31822238	31822404
chr11	31823108	31823324
chr11	31823418	31823460
chr11	31824251	31824382
chr11	31826405	31826589
chr11	31810573	31811567
chr11	31812257	31812408
chr11	31814985	31815101
chr11	31815199	31815350
chr11	31815579	31815662
chr11	31816177	31816336
chr11	31822238	31822404
chr11	31823108	31823324
chr11	31832375	31832669
chr11	31810573	31811567
chr11	31812257	31812408
chr11	31814985	31815101
chr11	31815199	31815350
chr11	31815579	31815662
chr11	31816177	31816336
chr11	31822238	31822404
chr11	31823108	31823324
chr11	31824251	31824382
chr11	31825131	31825274
chr11	31827949	31828010
chr11	31828396	31828473
chr11	31832375	31832563
chr11	31832662	31832870
chr11	31810573	31811567
chr11	31814985	31815101
chr11	31815199	31815350
chr11	31815579	31815662
chr11	31816177	31816336
chr11	31822238	31822404
chr11	31823108	31823324
chr11	31823418	31823460
chr11	31824251	31824382
chr11	31832375	31832669
chr11	31810573	31811567
chr11	31814985	31815101
chr11	31815199	31815350
chr11	31815579	31815662
chr11	31816177	31816336
chr11	31822238	31822404
chr11	31823108	31823324
chr11	31823418	31823460
chr11	31824251	31824382
chr11	31827949	31828010
chr11	31828396	31828473
chr11	31832375	31832563
chr11	31832662	31832870
chr11	31810573	31811567
chr11	31814985	31815101
chr11	31815199	31815350
chr11	31815579	31815662
chr11	31816177	31816336
chr11	31822238	31822404
chr11	31823108	31823324
chr11	31823418	31823460
chr11	31824251	31824382
chr11	31827949	31828010
chr11	31828396	31828473
chr11	31832375	31832669
chr11	31810573	31811567
chr11	31814985	31815101
chr11	31815199	31815350
chr11	31815579	31815662
chr11	31816177	31816336
chr11	31822238	31822404
chr11	31823108	31823324
chr11	31823418	31823460
chr11	31824251	31824382
chr11	31827949	31828010
chr11	31828396	31828473
chr11	31832375	31832563
chr11	31832760	31832870
chr11	31810573	31811567
chr11	31814985	31815101
chr11	31815199	31815350
chr11	31815579	31815662
chr11	31816177	31816336
chr11	31822238	31822404
chr11	31823108	31823324
chr11	31824251	31824382
chr11	31827949	31828010
chr11	31828396	31828473
chr11	31832375	31832563
chr11	31833355	31833586
chr11	31810573	31811567
chr11	31814985	31815101
chr11	31815199	31815350
chr11	31815579	31815662
chr11	31816177	31816336
chr11	31822238	31822404
chr11	31823108	31823324
chr11	31824251	31824382
chr11	31827949	31828010
chr11	31828396	31828473
chr11	31832375	31832669
chr11	31810573	31811567
chr11	31814985	31815101
chr11	31815199	31815350
chr11	31815579	31815662
chr11	31816177	31816336
chr11	31822238	31822404
chr11	31823108	31823324
chr11	31824251	31824382
chr11	31827949	31828010
chr11	31828396	31828473
chr11	31832375	31832563
chr11	31832662	31832870
chr11	31810573	31811567
chr11	31812257	31812408
chr11	31814985	31815101
chr11	31815199	31815350
chr11	31815579	31815662
chr11	31816177	31816336
chr11	31822238	31822404
chr11	31823108	31823324
chr11	31823418	31823460
chr11	31824176	31824382
chr11	31827949	31828010
chr11	31828396	31828473
chr11	31832375	31832669
chr11	31810573	31811567
chr11	31812257	31812408
chr11	31814985	31815101
chr11	31815199	31815350
chr11	31815579	31815662
chr11	31816177	31816336
chr11	31822238	31822404
chr11	31823108	31823324
chr11	31823418	31823460
chr11	31824176	31824382
chr11	31827949	31828010
chr11	31828396	31828473
chr11	31832375	31832563
chr11	31839356	31839509
chr11	31810573	31811567
chr11	31812257	31812408
chr11	31814985	31815101
chr11	31815199	31815350
chr11	31815579	31815662
chr11	31816177	31816336
chr11	31822238	31822404
chr11	31823108	31823324
chr11	31824176	31824382
chr11	31827949	31828010
chr11	31828396	31828473
chr11	31832375	31832669
chr11	31810573	31811567
chr11	31814985	31815101
chr11	31815199	31815350
chr11	31815579	31815662
chr11	31816177	31816336
chr11	31822238	31822404
chr11	31823309	31823324
chr11	31823418	31823460
chr11	31824251	31824382
chr11	31827949	31828010
chr11	31828396	31828473
chr11	31832375	31832563
chr11	31839356	31839509
chr11	31810573	31811567
chr11	31812257	31812408
chr11	31814985	31815101
chr11	31815199	31815350
chr11	31815579	31815662
chr11	31816177	31816336
chr11	31822238	31822404
chr11	31823309	31823324
chr11	31823418	31823460
chr11	31824251	31824382
chr11	31827949	31828010
chr11	31828396	31828473
chr11	31832375	31832563
chr11	31832660	31832870
chr11	31810573	31811567
chr11	31812257	31812408
chr11	31814985	31815101
chr11	31815199	31815350
chr11	31815579	31815662
chr11	31816177	31816336
chr11	31822238	31822404
chr11	31823309	31823324
chr11	31823418	31823460
chr11	31824251	31824382
chr11	31827949	31828010
chr11	31828396	31828473
chr11	31832375	31832563
chr11	31839356	31839509
chr11	31810573	31811567
chr11	31812257	31812408
chr11	31814985	31815101
chr11	31815199	31815350
chr11	31815579	31815662
chr11	31816177	31816336
chr11	31822238	31822404
chr11	31823309	31823324
chr11	31823418	31823460
chr11	31824251	31824382
chr11	31827949	31828010
chr11	31828396	31828473
chr11	31828837	31829170
chr11	31810573	31811567
chr11	31812257	31812408
chr11	31814985	31815101
chr11	31815199	31815350
chr11	31815579	31815662
chr11	31816177	31816336
chr11	31822238	31822404
chr11	31823309	31823324
chr11	31823418	31823460
chr11	31824251	31824382
chr11	31827949	31828010
chr11	31828396	31828473
chr11	31832375	31832669
chr11	31810573	31811567
chr11	31812257	31812408
chr11	31814985	31815101
chr11	31815199	31815350
chr11	31815579	31815662
chr11	31816177	31816336
chr11	31822238	31822404
chr11	31823309	31823324
chr11	31823418	31823460
chr11	31824251	31824382
chr11	31827949	31828010
chr11	31828396	31828473
chr11	31832375	31832563
chr11	31832760	31832870
chr11	31810573	31811567
chr11	31812257	31812408
chr11	31814985	31815101
chr11	31815199	31815350
chr11	31815579	31815662
chr11	31816177	31816336
chr11	31822238	31822404
chr11	31823309	31823324
chr11	31823418	31823460
chr11	31824251	31824382
chr11	31827949	31828010
chr11	31828396	31828473
chr11	31832375	31832563
chr11	31832662	31832870
chr11	31810573	31811567
chr11	31812257	31812408
chr11	31814985	31815101
chr11	31815199	31815350
chr11	31815579	31815662
chr11	31816177	31816336
chr11	31822238	31822404
chr11	31823309	31823324
chr11	31824251	31824382
chr11	31827949	31828010
chr11	31828396	31828473
chr11	31832375	31832669
chr11	31810573	31811567
chr11	31814985	31815101
chr11	31815199	31815350
chr11	31815579	31815662
chr11	31816177	31816336
chr11	31822238	31822404
chr11	31823108	31823324
chr11	31823418	31823460
chr11	31824251	31825221
chr11	31810573	31811567
chr11	31812257	31812408
chr11	31814985	31815101
chr11	31815199	31815350
chr11	31815579	31815662
chr11	31816177	31816336
chr11	31822086	31822209
chr11	31810573	31811567
chr11	31812257	31812408
chr11	31814985	31815101
chr11	31815199	31815350
chr11	31815579	31815662
chr11	31816177	31816336
chr11	31822238	31822404
chr11	31823108	31823324
chr11	31823418	31823460
chr11	31824251	31824382
chr11	31827949	31828010
chr11	31828396	31828473
chr11	31832375	31832563
chr11	31832760	31832870
chr11	31810573	31811567
chr11	31814985	31815101
chr11	31815199	31815350
chr11	31816177	31816336
chr11	31822238	31822404
chr11	31823108	31823324
chr11	31823418	31823460
chr11	31824251	31824382
chr11	31827949	31828010
chr11	31828396	31828473
chr11	31832375	31832669
chr11	31810573	31811567
chr11	31812257	31812408
chr11	31814985	31815101
chr11	31815199	31815350
chr11	31816177	31816336
chr11	31822238	31822404
chr11	31823108	31823324
chr11	31824251	31824382
chr11	31827949	31828010
chr11	31828396	31828473
chr11	31832375	31832563
chr11	31839356	31839509
chr17	15133095	15134397
chr17	15142787	15142928
chr17	15162410	15162510
chr17	15163966	15164078
chr17	15168470	15168643
chr17	15133095	15134397
chr17	15142787	15142928
chr17	15162410	15162510
chr17	15163966	15164078
chr17	15165741	15165869
chr17	15133095	15134397
chr17	15142787	15142928
chr17	15162410	15162510
chr17	15163966	15164074
chr17	15168470	15168643
chr17	15138535	15138601
chr17	15142787	15142928
chr17	15162410	15162510
chr17	15163966	15164078
chr17	15168470	15168643
chr12	133264172	133264378
chr12	133266848	133266962
chr12	133272469	133272632
chr12	133277835	133277955
chr12	133281204	133281571
chr17	15133095	15134397
chr17	15142787	15142928
chr17	15162410	15162510
chr17	15163966	15164078
chr17	15165745	15165869
chr17	15133095	15134397
chr17	15142787	15142928
chr17	15162410	15162510
chr17	15163966	15164137
chr17	15133095	15134397
chr17	15142787	15142928
chr17	15162410	15162510
chr17	15168470	15168643
chr17	15133095	15134397
chr17	15142787	15142928
chr17	15168470	15168643
chrX	7137496	7137727
chrX	7171236	7171377
chrX	7175282	7175404
chrX	7175506	7175629
chrX	7177389	7177813
chrX	7193991	7194128
chrX	7223086	7223224
chrX	7243379	7243539
chrX	7252026	7252148
chrX	7267928	7272682
chrX	7065330	7065643
chrX	7108920	7109049
chrX	7171236	7171377
chrX	7175282	7175404
chrX	7175506	7175629
chrX	7177389	7177813
chrX	7193991	7194128
chrX	7223086	7223224
chrX	7243379	7243539
chrX	7252026	7252148
chrX	7267928	7272682
chrX	7065752	7066124
chrX	7077940	7078094
chrX	7108920	7109049
chrX	7171236	7171377
chrX	7175282	7175404
chrX	7175506	7175629
chrX	7177389	7177813
chrX	7193991	7194128
chrX	7223086	7223224
chrX	7243379	7243539
chrX	7252026	7252148
chrX	7267928	7272682
chrX	7065752	7066124
chrX	7108920	7109049
chrX	7171236	7171377
chrX	7175282	7175404
chrX	7175506	7175629
chrX	7177389	7177813
chrX	7193991	7194128
chrX	7223086	7223224
chrX	7243379	7243539
chrX	7252026	7252148
chrX	7267928	7272682
chrX	7170284	7170382
chrX	7171236	7171377
chrX	7175282	7175404
chrX	7175506	7175629
chrX	7177389	7177813
chrX	7193991	7194128
chrX	7223086	7223224
chrX	7243379	7243539
chrX	7252026	7252148
chrX	7267928	7272682
chrX	7170513	7170759
chrX	7171236	7171377
chrX	7175282	7175404
chrX	7175506	7175629
chrX	7177389	7177813
chrX	7193991	7194128
chrX	7223086	7223224
chrX	7243379	7243539
chrX	7252026	7252148
chrX	7267928	7272682
chr11	32409320	32410725
chr11	32413526	32413610
chr11	32414211	32414301
chr11	32417802	32417953
chr11	32421493	32421590
chr11	32439122	32439200
chr11	32449501	32449604
chr11	32450042	32450165
chr11	32456245	32457085
chr11	32409320	32410725
chr11	32413526	32413610
chr11	32414211	32414301
chr11	32417802	32417953
chr11	32421493	32421590
chr11	32438035	32438086
chr11	32439122	32439200
chr11	32449501	32449604
chr11	32450042	32450165
chr11	32452075	32452363
chr11	32409320	32410725
chr11	32413517	32413610
chr11	32414211	32414301
chr11	32417802	32417953
chr11	32421493	32421590
chr11	32439122	32439200
chr11	32449501	32449604
chr11	32450042	32450165
chr11	32452075	32452359
chr11	32409320	32410725
chr11	32413517	32413610
chr11	32414211	32414301
chr11	32417802	32417953
chr11	32421493	32421590
chr11	32421691	32421946
chr11	32409320	32410725
chr11	32413526	32413610
chr11	32414211	32414301
chr11	32417802	32417953
chr11	32421493	32421590
chr11	32438035	32438086
chr11	32439122	32439200
chr11	32449501	32449604
chr11	32450042	32450165
chr11	32456245	32457085
chr11	32409320	32410725
chr11	32413517	32413610
chr11	32414211	32414301
chr11	32417802	32417953
chr11	32421493	32421590
chr11	32438035	32438086
chr11	32439122	32439200
chr11	32449501	32449604
chr11	32450042	32450165
chr11	32456245	32457085
chr11	32409320	32410725
chr11	32413517	32413610
chr11	32414211	32414301
chr11	32417802	32417953
chr11	32421493	32421590
chr11	32438035	32438086
chr11	32438969	32439200
chr11	32449501	32449604
chr11	32450042	32450165
chr11	32456245	32457085
chr11	44117746	44117871
chr11	44129232	44129798
chr11	44130743	44130833
chr11	44135734	44135851
chr11	44146338	44146534
chr11	44148365	44148505
chr11	44151594	44151688
chr11	44193160	44193292
chr11	44219378	44219568
chr11	44228342	44228509
chr11	44253902	44254046
chr11	44255664	44255793
chr11	44257842	44257925
chr11	44265698	44266980
chr11	44117227	44117402
chr11	44129232	44129798
chr11	44130743	44130833
chr11	44135734	44135851
chr11	44146338	44146534
chr11	44148365	44148505
chr11	44151594	44151688
chr11	44165796	44165889
chr11	44193223	44193292
chr11	44219378	44219568
chr11	44228342	44228509
chr11	44253902	44254046
chr11	44255664	44255793
chr11	44257842	44257925
chr11	44265698	44273512
chr11	44117227	44117402
chr11	44129232	44129798
chr11	44130743	44130833
chr11	44135734	44135851
chr11	44146338	44146534
chr11	44148365	44148505
chr11	44151594	44151688
chr11	44193160	44193292
chr11	44219378	44219568
chr11	44228342	44228509
chr11	44253902	44254046
chr11	44255664	44255793
chr11	44257842	44257925
chr11	44265698	44273512
chr17	2496947	2497300
chr17	2541392	2541614
chr17	2568665	2568750
chr17	2569309	2569384
chr17	2570285	2570492
chr17	2573456	2573625
chr17	2575948	2576051
chr17	2577353	2577582
chr17	2579798	2579900
chr17	2583457	2583614
chr17	2585022	2588909
chrX	585078	585337
chrX	591200	591909
chrX	595352	595561
chrX	601555	601613
chrX	601733	601822
chrX	605125	607558
chrX	585078	585337
chrX	591200	591909
chrX	595352	595561
chrX	601555	601613
chrX	601733	601822
chrX	619519	620146
chr17	36046433	36047395
chr17	36059081	36059200
chr17	36060987	36061182
chr17	36064923	36065056
chr17	36070510	36070671
chr17	36091585	36091821
chr17	36093549	36093814
chr17	36099430	36099630
chr17	36104531	36105050
chr17	36046433	36047395
chr17	36059081	36059200
chr17	36060987	36061182
chr17	36064923	36065056
chr17	36070510	36070671
chr17	36091585	36091821
chr17	36093549	36093736
chr17	36099430	36099630
chr17	36104531	36105050
chr17	36046433	36047395
chr17	36064923	36065056
chr17	36070510	36070671
chr17	36091585	36091821
chr17	36093549	36093736
chr17	36099430	36099630
chr17	36104531	36105050
chr15	25582380	25584404
chr15	25585231	25585375
chr15	25599499	25599573
chr15	25599674	25599830
chr15	25601038	25601203
chr15	25601837	25602043
chr15	25605529	25605674
chr15	25615712	25616959
chr15	25620611	25620910
chr15	25650607	25650649
chr15	25653766	25653831
chr15	25654234	25654354
chr15	25657054	25657118
chr15	25683635	25684203
chr15	25582380	25584404
chr15	25585231	25585375
chr15	25599499	25599573
chr15	25599674	25599830
chr15	25601038	25601203
chr15	25601837	25602043
chr15	25605529	25605674
chr15	25615712	25616959
chr15	25620611	25620910
chr15	25650607	25650649
chr15	25654234	25654354
chr15	25657054	25657118
chr15	25683199	25683376
chr15	25578874	25584404
chr15	25585231	25585375
chr15	25599499	25599573
chr15	25599674	25599830
chr15	25601038	25601203
chr15	25601837	25602043
chr15	25605529	25605674
chr15	25615712	25616959
chr15	25620611	25620910
chr15	25650607	25650649
chr15	25652213	25652284
chr15	25653766	25653831
chr15	25654234	25654354
chr15	25657054	25657118
chr15	25683635	25684171
chr15	25578874	25584404
chr15	25585231	25585375
chr15	25599499	25599573
chr15	25599674	25599830
chr15	25601038	25601203
chr15	25601837	25602043
chr15	25605529	25605674
chr15	25615712	25616959
chr15	25620611	25620910
chr15	25650607	25650649
chr15	25652213	25652409
chr15	25654234	25654354
chr15	25657054	25657118
chr15	25667072	25667108
chr15	25683635	25684171
chr15	25578874	25584404
chr15	25585231	25585375
chr15	25599499	25599573
chr15	25599674	25599830
chr15	25601038	25601203
chr15	25601837	25602043
chr15	25605529	25605674
chr15	25615712	25616959
chr15	25620611	25620910
chr15	25650607	25650649
chr15	25652213	25652409
chr15	25654234	25654354
chr15	25657054	25657118
chr15	25683635	25684171
chr15	25578874	25584404
chr15	25585231	25585375
chr15	25599499	25599573
chr15	25599674	25599830
chr15	25601038	25601203
chr15	25601837	25602043
chr15	25605529	25605674
chr15	25615712	25616959
chr15	25620611	25620910
chr15	25650607	25650649
chr15	25652213	25652409
chr15	25653718	25653831
chr15	25654234	25654354
chr15	25657054	25657118
chr15	25683635	25684171
chr15	25578874	25584404
chr15	25585231	25585375
chr15	25599499	25599573
chr15	25599674	25599830
chr15	25601038	25601203
chr15	25601837	25602043
chr15	25605529	25605674
chr15	25615712	25616959
chr15	25620611	25620910
chr15	25650607	25650649
chr15	25652213	25652359
chr15	25654234	25654354
chr15	25657054	25657118
chr15	25683635	25684171
chr15	25578874	25584404
chr15	25585231	25585375
chr15	25599499	25599573
chr15	25599674	25599830
chr15	25601038	25601203
chr15	25601837	25602043
chr15	25605529	25605674
chr15	25615712	25616959
chr15	25620611	25620910
chr15	25650607	25650649
chr15	25652213	25652375
chr15	25654234	25654354
chr15	25657054	25657118
chr15	25683635	25684171
chr15	25578874	25584404
chr15	25585231	25585375
chr15	25599499	25599573
chr15	25599674	25599830
chr15	25601038	25601203
chr15	25601837	25602043
chr15	25605529	25605674
chr15	25615712	25616959
chr15	25620611	25620910
chr15	25650607	25650649
chr15	25652213	25652379
chr15	25654234	25654354
chr15	25657054	25657118
chr15	25683635	25684171
chr15	25578874	25584404
chr15	25585231	25585375
chr15	25599499	25599573
chr15	25599674	25599830
chr15	25601038	25601203
chr15	25601837	25602043
chr15	25605529	25605674
chr15	25615712	25616959
chr15	25620611	25620910
chr15	25638892	25639005
chr15	25650607	25650649
chr15	25654234	25654354
chr15	25657054	25657118
chr15	25683635	25684171
chr15	25582380	25584404
chr15	25585231	25585375
chr15	25599499	25599573
chr15	25599674	25599830
chr15	25601038	25601203
chr15	25601837	25602043
chr15	25605529	25605674
chr15	25615712	25616959
chr15	25620611	25620910
chr15	25650607	25650649
chr15	25652213	25652409
chr15	25653766	25653831
chr15	25654234	25654354
chr15	25657054	25657118
chr15	25683199	25683376
chr15	25578874	25584404
chr15	25585231	25585375
chr15	25599499	25599573
chr15	25599674	25599830
chr15	25601038	25601203
chr15	25601837	25602043
chr15	25605529	25605674
chr15	25615712	25616959
chr15	25620611	25620910
chr15	25650607	25650649
chr15	25654234	25654354
chr15	25657054	25657118
chr15	25667072	25667108
chr15	25683635	25684171
chr15	25578874	25584404
chr15	25585231	25585375
chr15	25599499	25599573
chr15	25599674	25599830
chr15	25601038	25601203
chr15	25601837	25602043
chr15	25605529	25605674
chr15	25615712	25616959
chr15	25620611	25620910
chr15	25650607	25650649
chr15	25652213	25652284
chr15	25654234	25654354
chr15	25657054	25657118
chr15	25683635	25684171
chr15	25578874	25584404
chr15	25585231	25585375
chr15	25599499	25599573
chr15	25599674	25599830
chr15	25601038	25601203
chr15	25601837	25602043
chr15	25605529	25605674
chr15	25615712	25616959
chr15	25620611	25620910
chr15	25650607	25650649
chr15	25652213	25652409
chr15	25654234	25654354
chr15	25657054	25657118
chr15	25660856	25660989
chr15	25665802	25665899
chr15	25683635	25684171
chr15	25578874	25584404
chr15	25585231	25585375
chr15	25599499	25599573
chr15	25599674	25599830
chr15	25601038	25601203
chr15	25601837	25602043
chr15	25605529	25605674
chr15	25615712	25616959
chr15	25620611	25620910
chr15	25650607	25650649
chr15	25652213	25652409
chr15	25653766	25653831
chr15	25654234	25654354
chr15	25657054	25657118
chr15	25683635	25684171
chr15	25578874	25584404
chr15	25585231	25585375
chr15	25599499	25599573
chr15	25599674	25599830
chr15	25601038	25601203
chr15	25601837	25602043
chr15	25605529	25605674
chr15	25615712	25616959
chr15	25620611	25620910
chr15	25650607	25650649
chr15	25657054	25657118
chr15	25683635	25684171
chr15	25578874	25584404
chr15	25585231	25585375
chr15	25599499	25599573
chr15	25599674	25599830
chr15	25601038	25601203
chr15	25601837	25602043
chr15	25605529	25605674
chr15	25615712	25616959
chr15	25620611	25620910
chr15	25650607	25650649
chr15	25652213	25652359
chr15	25653766	25653831
chr15	25654234	25654354
chr15	25657054	25657118
chr15	25660856	25660989
chr15	25665802	25665899
chr15	25683635	25684171
chr15	25578874	25584404
chr15	25585231	25585375
chr15	25599499	25599573
chr15	25599674	25599830
chr15	25601038	25601203
chr15	25601837	25602043
chr15	25605529	25605674
chr15	25615712	25616959
chr15	25620611	25620910
chr15	25650607	25650649
chr15	25652213	25652375
chr15	25653766	25653831
chr15	25654234	25654354
chr15	25657054	25657118
chr15	25683635	25684171
chr15	25578874	25584404
chr15	25585231	25585375
chr15	25599499	25599573
chr15	25601038	25601203
chr15	25601837	25602043
chr15	25605529	25605674
chr15	25615712	25616959
chr15	25620611	25620910
chr15	25650607	25650649
chr15	25654234	25654354
chr15	25657054	25657118
chr15	25683635	25684171
chr15	25578874	25584404
chr15	25585231	25585375
chr15	25599499	25599573
chr15	25599674	25599830
chr15	25601038	25601203
chr15	25601837	25602043
chr15	25605529	25605674
chr15	25615712	25616959
chr15	25620611	25620910
chr15	25683635	25684171
chr15	25578874	25584404
chr15	25585231	25585375
chr15	25599499	25599573
chr15	25601038	25601203
chr15	25601837	25602043
chr15	25605529	25605674
chr15	25615712	25616959
chr15	25620611	25620910
chr15	25650607	25650649
chr15	25652213	25652409
chr15	25654234	25654354
chr15	25657054	25657118
chr15	25683635	25684171
chr15	25578874	25584404
chr15	25585231	25585375
chr15	25599499	25599573
chr15	25601038	25601203
chr15	25601837	25602043
chr15	25605529	25605674
chr15	25615712	25616959
chr15	25620611	25620910
chr15	25650607	25650649
chr15	25683635	25684171
chr15	25578874	25584404
chr15	25585231	25585375
chr15	25599499	25599573
chr15	25599674	25599830
chr15	25601837	25602043
chr15	25605529	25605674
chr15	25615712	25616959
chr15	25620611	25620910
chr15	25650607	25650649
chr15	25683635	25684171
chr15	25578874	25584404
chr15	25585231	25585375
chr15	25599499	25599573
chr15	25599674	25599830
chr15	25601038	25601203
chr15	25601837	25602043
chr15	25605529	25605670
chr15	25620611	25620910
chr15	25650607	25650649
chr15	25654234	25654354
chr15	25657054	25657118
chr15	25683635	25684171
chr15	25578874	25584404
chr15	25585231	25585375
chr15	25599499	25599573
chr15	25599674	25599830
chr15	25601038	25601203
chr15	25601837	25602043
chr15	25605529	25605670
chr15	25620611	25620910
chr15	25650607	25650649
chr15	25683635	25684171
chr15	25582374	25584404
chr15	25585231	25585375
chr15	25599499	25599573
chr15	25599674	25599830
chr15	25601038	25601203
chr15	25601837	25602043
chr15	25605529	25605674
chr15	25615712	25616959
chr15	25620611	25620910
chr15	25650607	25650649
chr15	25652213	25654354
chr15	25657054	25657118
chr15	25683635	25684171
chr15	25578874	25584404
chr15	25585231	25585375
chr15	25599499	25599573
chr15	25599674	25599830
chr15	25601038	25601203
chr15	25601837	25602043
chr15	25605529	25605674
chr15	25615712	25616959
chr15	25620611	25620910
chr15	25650607	25650649
chr15	25683635	25684171
chr15	25578874	25584404
chr15	25585231	25585375
chr15	25599499	25599573
chr15	25599674	25599830
chr15	25601038	25601203
chr15	25601837	25602043
chr15	25605529	25605674
chr15	25615712	25616959
chr15	25620611	25620910
chr15	25650607	25650649
chr15	25654234	25654354
chr15	25657054	25657118
chr15	25683635	25684171
chr15	25578874	25584404
chr15	25585231	25585375
chr15	25599499	25599573
chr15	25599674	25599830
chr15	25601038	25601203
chr15	25601837	25602043
chr15	25605529	25605670
chr15	25615712	25616959
chr15	25620611	25620910
chr15	25650607	25650649
chr15	25683635	25684171
chr7	73442502	73442599
chr7	73449693	73449744
chr7	73450884	73450914
chr7	73452036	73452069
chr7	73455545	73455581
chr7	73456943	73457036
chr7	73457313	73457364
chr7	73457447	73457498
chr7	73458208	73458250
chr7	73459551	73459623
chr7	73460517	73460547
chr7	73461025	73461097
chr7	73462004	73462046
chr7	73462471	73462531
chr7	73462832	73462886
chr7	73466079	73466169
chr7	73466253	73466313
chr7	73467492	73467639
chr7	73469045	73469099
chr7	73470600	73470765
chr7	73471001	73471043
chr7	73471969	73472026
chr7	73474215	73474377
chr7	73474469	73474514
chr7	73474705	73474831
chr7	73475430	73475469
chr7	73477482	73477554
chr7	73477639	73477699
chr7	73477950	73478025
chr7	73480023	73480062
chr7	73480273	73480327
chr7	73481061	73481106
chr7	73482986	73484237
chr7	73442502	73442599
chr7	73449693	73449744
chr7	73452036	73452069
chr7	73455545	73455581
chr7	73456943	73457036
chr7	73457313	73457364
chr7	73457447	73457498
chr7	73458208	73458250
chr7	73459551	73459623
chr7	73460517	73460547
chr7	73461025	73461097
chr7	73462004	73462046
chr7	73462471	73462531
chr7	73462832	73462886
chr7	73466079	73466169
chr7	73466253	73466313
chr7	73467492	73467639
chr7	73469045	73469099
chr7	73470600	73470765
chr7	73471001	73471043
chr7	73474215	73474377
chr7	73474469	73474514
chr7	73474705	73474831
chr7	73475430	73475469
chr7	73477482	73477554
chr7	73477639	73477699
chr7	73477950	73478025
chr7	73480023	73480062
chr7	73481061	73481106
chr7	73482986	73484237
chr7	73442502	73442599
chr7	73449693	73449744
chr7	73450884	73450914
chr7	73452036	73452069
chr7	73455545	73455581
chr7	73456943	73457036
chr7	73457313	73457364
chr7	73457432	73457498
chr7	73458208	73458250
chr7	73459551	73459623
chr7	73460517	73460547
chr7	73461025	73461097
chr7	73462004	73462046
chr7	73462471	73462531
chr7	73462832	73462886
chr7	73466079	73466169
chr7	73466253	73466313
chr7	73467492	73467639
chr7	73469045	73469099
chr7	73470600	73470765
chr7	73471001	73471043
chr7	73474215	73474377
chr7	73474469	73474514
chr7	73474705	73474831
chr7	73475430	73475469
chr7	73477482	73477554
chr7	73477639	73477699
chr7	73477950	73478025
chr7	73480023	73480062
chr7	73481061	73481106
chr7	73482986	73484237
chr7	73442502	73442599
chr7	73449693	73449744
chr7	73450884	73450914
chr7	73452036	73452069
chr7	73455545	73455581
chr7	73456943	73457036
chr7	73457313	73457364
chr7	73457432	73457498
chr7	73458208	73458250
chr7	73459551	73459623
chr7	73460517	73460547
chr7	73461025	73461097
chr7	73462004	73462046
chr7	73462471	73462531
chr7	73462832	73462886
chr7	73466079	73466169
chr7	73466253	73466313
chr7	73467492	73467639
chr7	73469045	73469099
chr7	73470600	73470765
chr7	73471001	73471043
chr7	73471969	73472026
chr7	73474215	73474377
chr7	73474469	73474514
chr7	73474705	73474831
chr7	73475430	73475469
chr7	73477482	73477554
chr7	73477639	73477699
chr7	73477950	73478025
chr7	73480023	73480062
chr7	73481061	73481106
chr7	73482986	73484237
chr7	73442502	73442599
chr7	73449693	73449744
chr7	73450884	73450914
chr7	73452036	73452069
chr7	73455545	73455581
chr7	73456943	73457036
chr7	73457313	73457364
chr7	73457447	73457498
chr7	73458208	73458250
chr7	73459551	73459623
chr7	73460517	73460547
chr7	73461025	73461097
chr7	73462004	73462046
chr7	73462471	73462531
chr7	73462832	73462886
chr7	73466079	73466169
chr7	73466253	73466313
chr7	73467492	73467639
chr7	73469045	73469099
chr7	73470600	73470765
chr7	73471001	73471043
chr7	73474215	73474377
chr7	73474469	73474514
chr7	73474705	73474831
chr7	73475430	73475469
chr7	73477482	73477554
chr7	73477639	73477699
chr7	73477950	73478025
chr7	73480023	73480062
chr7	73480273	73480327
chr7	73481061	73481106
chr7	73482986	73484237
chr17	73642330	73642866
chr17	73643450	73644054
chr7	73442502	73442599
chr7	73449693	73449744
chr7	73450884	73450914
chr7	73452036	73452069
chr7	73455545	73455581
chr7	73456943	73457036
chr7	73457313	73457364
chr7	73457447	73457498
chr7	73458208	73458250
chr7	73459551	73459623
chr7	73460517	73460547
chr7	73461025	73461097
chr7	73462004	73462046
chr7	73462471	73462531
chr7	73462832	73462886
chr7	73466079	73466169
chr7	73466253	73466313
chr7	73467492	73467639
chr7	73469045	73469099
chr7	73470600	73470765
chr7	73471001	73471043
chr7	73471969	73472026
chr7	73474215	73474377
chr7	73474469	73474514
chr7	73474705	73474831
chr7	73475430	73475469
chr7	73477482	73477554
chr7	73477639	73477699
chr7	73477950	73478025
chr7	73480023	73480062
chr7	73481061	73481106
chr7	73482986	73484237
chr7	73442502	73442599
chr7	73449693	73449744
chr7	73450884	73450914
chr7	73452036	73452069
chr7	73456943	73457036
chr7	73457313	73457364
chr7	73457447	73457498
chr7	73458208	73458250
chr7	73459551	73459623
chr7	73461025	73461097
chr7	73462471	73462531
chr7	73462832	73462886
chr7	73466079	73466169
chr7	73466253	73466313
chr7	73467492	73467639
chr7	73469045	73469099
chr7	73470600	73470687
chr7	73471001	73471043
chr7	73474215	73474377
chr7	73474469	73474514
chr7	73474705	73474831
chr7	73475430	73475469
chr7	73477482	73477554
chr7	73477639	73477699
chr7	73477950	73478025
chr7	73480023	73480062
chr7	73480273	73480327
chr7	73481061	73481106
chr7	73482986	73484237
chr7	73442502	73442599
chr7	73449693	73449744
chr7	73452036	73452069
chr7	73455545	73455581
chr7	73456943	73457036
chr7	73457313	73457364
chr7	73457432	73457498
chr7	73458208	73458250
chr7	73459551	73459623
chr7	73460517	73460547
chr7	73461025	73461097
chr7	73462004	73462046
chr7	73462471	73462531
chr7	73462832	73462886
chr7	73466079	73466169
chr7	73466253	73466313
chr7	73467492	73467639
chr7	73469045	73469099
chr7	73470600	73470765
chr7	73471001	73471043
chr7	73474215	73474377
chr7	73474469	73474514
chr7	73474705	73474831
chr7	73475430	73475469
chr7	73477482	73477554
chr7	73477639	73477699
chr7	73477950	73478025
chr7	73480023	73480062
chr7	73480273	73480327
chr7	73481061	73481106
chr7	73482986	73484237
chr7	73442502	73442599
chr7	73449693	73449744
chr7	73450884	73450914
chr7	73452036	73452069
chr7	73455545	73455581
chr7	73456943	73457036
chr7	73457313	73457364
chr7	73457447	73457498
chr7	73458208	73458250
chr7	73459551	73459623
chr7	73460517	73460547
chr7	73461025	73461097
chr7	73462004	73462046
chr7	73462471	73462531
chr7	73462832	73462886
chr7	73466079	73466169
chr7	73466253	73466313
chr7	73467492	73467639
chr7	73469045	73469099
chr7	73470600	73470765
chr7	73471001	73471043
chr7	73471969	73472026
chr7	73474197	73474377
chr7	73474469	73474514
chr7	73474705	73474831
chr7	73475430	73475469
chr7	73477482	73477554
chr7	73477639	73477699
chr7	73477950	73478025
chr7	73480023	73480062
chr7	73480273	73480327
chr7	73481061	73481106
chr7	73482986	73484237
chr7	73442502	73442599
chr7	73449693	73449744
chr7	73450884	73450914
chr7	73452036	73452069
chr7	73455545	73455581
chr7	73456943	73457036
chr7	73457313	73457364
chr7	73457447	73457498
chr7	73458208	73458250
chr7	73459551	73459623
chr7	73460517	73460547
chr7	73461025	73461097
chr7	73462471	73462531
chr7	73462832	73462886
chr7	73466079	73466169
chr7	73466253	73466313
chr7	73467492	73467639
chr7	73469045	73469099
chr7	73470600	73470765
chr7	73471001	73471043
chr7	73474215	73474377
chr7	73474705	73474831
chr7	73475430	73475469
chr7	73477482	73477554
chr7	73477639	73477699
chr7	73477950	73478025
chr7	73480023	73480062
chr7	73481061	73481106
chr7	73482986	73484237
chr7	73442502	73442599
chr7	73449693	73449744
chr7	73452036	73452069
chr7	73455545	73455581
chr7	73456943	73457036
chr7	73457313	73457364
chr7	73457447	73457498
chr7	73458208	73458250
chr7	73459551	73459623
chr7	73460517	73460547
chr7	73461025	73461097
chr7	73462004	73462046
chr7	73462471	73462531
chr7	73462832	73462886
chr7	73466079	73466169
chr7	73466253	73466313
chr7	73467492	73467639
chr7	73469045	73469099
chr7	73470600	73470765
chr7	73471001	73471043
chr7	73471969	73472026
chr7	73474215	73474377
chr7	73474469	73474514
chr7	73474705	73474831
chr7	73475430	73475469
chr7	73477482	73477554
chr7	73477639	73477699
chr7	73477950	73478025
chr7	73480023	73480062
chr7	73480273	73480327
chr7	73481061	73481106
chr7	73482986	73484237
chr7	73442502	73442599
chr7	73449693	73449744
chr7	73452036	73452069
chr7	73455545	73455581
chr7	73456943	73457036
chr7	73457313	73457364
chr7	73457447	73457498
chr7	73458208	73458250
chr7	73461025	73461097
chr7	73462004	73462046
chr7	73462471	73462531
chr7	73462832	73462886
chr7	73466079	73466169
chr7	73466253	73466313
chr7	73467492	73467639
chr7	73469045	73469099
chr7	73470600	73470687
chr7	73471001	73471043
chr7	73474215	73474377
chr7	73474469	73474514
chr7	73474705	73474831
chr7	73475430	73475469
chr7	73477482	73477554
chr7	73477639	73477699
chr7	73477950	73478025
chr7	73480023	73480062
chr7	73481061	73481106
chr7	73482986	73484237
chr7	73442502	73442599
chr7	73449693	73449744
chr7	73450884	73450914
chr7	73452036	73452069
chr7	73455545	73455581
chr7	73456943	73457036
chr7	73457313	73457364
chr7	73457447	73457498
chr7	73458208	73458250
chr7	73459551	73459623
chr7	73460517	73460547
chr7	73461025	73461097
chr7	73462004	73462046
chr7	73462471	73462531
chr7	73462832	73462886
chr7	73466079	73466169
chr7	73466253	73466313
chr7	73467492	73467639
chr7	73469045	73469099
chr7	73470600	73470765
chr7	73471001	73471043
chr7	73471711	73471798
chr7	73471969	73472026
chr7	73474215	73474377
chr7	73474469	73474514
chr7	73474705	73474930
chr7	73475430	73475469
chr7	73477482	73477554
chr7	73477639	73477699
chr7	73477950	73478025
chr7	73480023	73480062
chr7	73480273	73480327
chr7	73481061	73481106
chr7	73482986	73484237
chr14	21058231	21058982
chr6	31937591	31937801
chr6	31937885	31937980
chr6	31938119	31938255
chr6	31938382	31938602
chr6	31938688	31938924
chr6	31939082	31939502
chr6	31939705	31939915
chr6	31937591	31937801
chr6	31937885	31937980
chr6	31938119	31938255
chr6	31938382	31938602
chr6	31938688	31938924
chr6	31939096	31939358
chr6	31939705	31939915
chr6	31937591	31937801
chr6	31937885	31937980
chr6	31938119	31938255
chr6	31938382	31938602
chr6	31938688	31938924
chr6	31939096	31939458
chr6	31939705	31939915
chr17	17584771	17585107
chr17	17627341	17627473
chr17	17696246	17701827
chr17	17707069	17707163
chr17	17712703	17712753
chr17	17713283	17714767
chr16	3775054	3779875
chr16	3781192	3781474
chr16	3781776	3781938
chr16	3786036	3786204
chr16	3786650	3786816
chr16	3788559	3788673
chr16	3789578	3789725
chr16	3790399	3790550
chr16	3794894	3794962
chr16	3795277	3795355
chr16	3799627	3799684
chr16	3801726	3801807
chr16	3807288	3807377
chr16	3807809	3808049
chr16	3808854	3808973
chr16	3817720	3817910
chr16	3819174	3819354
chr16	3820570	3820987
chr16	3823751	3823931
chr16	3824569	3824694
chr16	3827613	3827658
chr16	3828011	3828183
chr16	3828700	3828818
chr16	3830732	3830879
chr16	3831204	3831307
chr16	3832684	3832927
chr16	3843386	3843627
chr16	3860603	3860780
chr16	3900297	3901010
chr16	3929832	3930121
chr16	3775054	3779875
chr16	3781192	3781474
chr16	3781776	3781938
chr16	3786036	3786204
chr16	3786650	3786816
chr16	3788559	3788673
chr16	3789578	3789725
chr16	3790399	3790550
chr16	3794894	3794962
chr16	3795277	3795355
chr16	3799627	3799684
chr16	3801726	3801807
chr16	3807288	3807377
chr16	3807809	3808049
chr16	3808854	3808973
chr16	3817720	3817910
chr16	3819174	3819354
chr16	3820570	3820987
chr16	3823751	3823931
chr16	3824569	3824694
chr16	3827613	3827658
chr16	3828011	3828183
chr16	3828700	3828818
chr16	3830732	3830879
chr16	3831204	3831307
chr16	3832684	3832927
chr16	3841981	3842095
chr16	3843386	3843627
chr16	3860603	3860780
chr16	3900297	3901010
chr16	3929832	3930714
chr8	11627218	11627300
chr8	11628954	11629094
chr8	11637106	11637459
chr8	11640711	11640908
chr8	11643471	11644854
chr8	11627218	11627300
chr8	11637106	11637459
chr8	11640711	11640908
chr8	11643471	11644854
chr8	11627218	11627300
chr8	11627682	11627844
chr8	11628954	11629099
chr8	11640711	11640908
chr8	11643471	11644854
chr8	11627218	11627300
chr8	11628954	11629099
chr8	11637106	11637459
chr8	11640711	11640908
chr8	11643471	11644854
chr8	11627218	11627844
chr8	11628954	11629099
chr8	11637106	11637459
chr8	11640711	11640908
chr8	11643471	11644854
chr8	11627218	11627844
chr8	11637106	11637459
chr8	11640711	11640908
chr8	11643471	11644854
chr8	11627218	11627300
chr8	11627682	11627844
chr8	11628954	11629094
chr8	11637106	11637459
chr8	11640711	11640908
chr8	11643471	11644854
chr8	11627218	11627844
chr8	11628954	11629094
chr8	11637106	11637459
chr8	11640711	11640908
chr8	11643471	11644854
chr8	11627218	11627300
chr8	11628954	11629094
chr8	11637106	11638031
chr8	11640711	11640908
chr8	11643471	11644854
chr8	11627218	11627300
chr8	11627682	11627844
chr8	11628954	11629099
chr8	11637106	11638031
chr8	11640711	11640908
chr8	11643471	11644854
chr8	11627218	11627300
chr8	11628954	11629094
chr8	11640711	11640908
chr8	11643471	11644854
chr9	140513456	140513501
chr9	140605418	140605482
chr9	140611077	140611634
chr9	140622800	140622981
chr9	140637822	140637980
chr9	140638353	140638542
chr9	140646782	140646860
chr9	140648622	140648743
chr9	140652331	140652463
chr9	140657126	140657272
chr9	140669560	140669704
chr9	140671069	140671296
chr9	140672333	140672507
chr9	140674086	140674169
chr9	140676742	140676849
chr9	140678557	140678845
chr9	140513456	140513501
chr9	140611077	140611634
chr9	140622800	140622981
chr9	140637822	140637980
chr9	140638353	140638542
chr9	140646782	140646860
chr9	140648622	140648743
chr9	140652331	140652463
chr9	140657126	140657272
chr9	140669560	140669704
chr9	140671069	140671296
chr9	140672333	140672507
chr9	140674086	140674169
chr9	140676742	140676849
chr9	140685299	140685422
chr9	140686506	140688626
chr9	140513456	140513501
chr9	140605418	140605482
chr9	140611077	140611634
chr9	140622800	140622981
chr9	140637843	140637980
chr9	140638353	140638542
chr9	140646782	140646860
chr9	140648622	140648743
chr9	140652331	140652463
chr9	140657126	140657272
chr9	140669560	140669704
chr9	140671069	140671296
chr9	140672333	140672507
chr9	140674086	140674169
chr9	140676742	140676849
chr9	140685299	140685422
chr9	140693264	140693366
chr9	140695331	140695436
chr9	140705912	140706067
chr9	140707457	140707625
chr9	140707837	140707982
chr9	140708882	140708960
chr9	140710398	140710514
chr9	140711890	140711977
chr9	140712511	140712590
chr9	140728800	140728976
chr9	140729224	140730579
chr9	140513456	140513501
chr9	140605418	140605482
chr9	140611077	140611634
chr9	140622800	140622981
chr9	140637822	140637980
chr9	140638353	140638542
chr9	140646782	140646860
chr9	140648622	140648743
chr9	140652331	140652463
chr9	140657126	140659228
chr9	140513456	140513501
chr9	140611077	140611634
chr9	140622800	140622981
chr9	140637822	140637980
chr9	140638353	140638542
chr9	140646782	140646860
chr9	140648622	140648743
chr9	140652331	140652463
chr9	140657126	140659228
chr9	140513456	140513501
chr9	140605418	140605482
chr9	140611077	140611634
chr9	140622800	140622981
chr9	140637822	140637980
chr9	140638353	140638542
chr9	140646782	140646860
chr9	140648622	140648743
chr9	140652331	140652463
chr9	140657126	140657272
chr9	140669560	140669704
chr9	140671069	140671296
chr9	140672333	140672507
chr9	140674086	140674169
chr9	140676742	140676849
chr9	140685299	140685422
chr9	140693264	140693366
chr9	140695331	140695436
chr9	140705912	140706067
chr9	140707457	140707625
chr9	140707837	140707982
chr9	140708882	140708960
chr9	140710398	140710514
chr9	140711890	140711977
chr9	140712511	140712590
chr9	140728800	140728976
chr9	140729224	140730579
chr12	65563362	65564898
chr12	65604708	65604743
chr12	65609756	65609823
chr12	65612331	65612399
chr12	65632281	65632361
chr12	65632448	65632594
chr12	65633708	65633810
chr12	65633915	65634018
chr12	65634688	65634867
chr12	65637167	65637249
chr12	65639448	65639554
chr12	65639640	65639719
chr12	65639941	65642135
chr12	65563362	65564898
chr12	65604705	65604743
chr12	65609756	65609823
chr12	65612331	65612399
chr12	65632281	65632361
chr12	65632448	65632594
chr12	65633708	65633810
chr12	65633915	65634018
chr12	65634688	65634867
chr12	65637167	65637249
chr12	65639448	65639554
chr12	65639640	65639719
chr12	65639941	65642135
chr2	200134227	200137395
chr2	200173482	200173680
chr2	200188525	200188681
chr2	200193420	200193633
chr2	200213423	200213896
chr2	200233327	200233430
chr2	200245086	200245210
chr2	200246416	200246543
chr2	200298060	200298237
chr2	200320591	200320819
chr2	200322061	200322662
chr2	200134222	200137395
chr2	200173482	200173680
chr2	200188525	200188681
chr2	200193420	200193633
chr2	200213423	200213896
chr2	200233327	200233430
chr2	200245086	200245210
chr2	200246416	200246543
chr2	200298060	200298237
chr2	200320591	200320819
chr2	200325174	200325255
chr2	200329558	200329831
chr2	200134227	200137395
chr2	200173482	200173680
chr2	200188525	200188681
chr2	200193420	200193633
chr2	200213423	200213896
chr2	200233327	200233430
chr2	200245086	200245210
chr2	200246416	200246543
chr2	200298060	200298237
chr2	200320591	200320819
chr2	200325174	200325255
chr2	200335736	200335989
chr2	200260553	200261729
chr2	200262252	200262563
chr2	200298060	200298237
chr2	200320591	200320819
chr2	200322061	200322662
chr17	44107281	44109069
chr17	44109412	44109665
chr17	44110445	44110558
chr17	44110768	44110826
chr17	44111526	44111648
chr17	44115903	44116052
chr17	44116392	44116581
chr17	44117067	44117250
chr17	44127898	44128070
chr17	44143902	44144098
chr17	44144914	44145033
chr17	44159806	44159908
chr17	44171925	44172067
chr17	44248220	44249598
chr17	44301036	44301170
chr17	44302706	44302733
chr17	44107281	44109069
chr17	44109412	44109665
chr17	44110445	44110558
chr17	44110768	44110826
chr17	44111526	44111651
chr17	44115903	44116052
chr17	44116392	44116581
chr17	44117067	44117250
chr17	44127898	44128070
chr17	44143902	44144098
chr17	44144914	44145033
chr17	44159806	44159908
chr17	44171925	44172067
chr17	44248220	44249598
chr17	44269784	44270148
chr17	44107281	44109069
chr17	44109412	44109665
chr17	44110445	44110558
chr17	44110768	44110826
chr17	44111526	44111651
chr17	44115903	44116052
chr17	44116392	44116581
chr17	44117067	44117250
chr17	44127898	44128070
chr17	44143902	44144098
chr17	44144914	44145033
chr17	44159806	44159908
chr17	44171925	44172067
chr17	44248220	44249598
chr17	44301036	44301170
chr17	44302706	44302733
chr17	44107281	44109069
chr17	44109412	44109665
chr17	44110445	44110558
chr17	44110768	44110826
chr17	44111526	44111651
chr17	44115903	44116052
chr17	44116392	44116581
chr17	44117067	44117250
chr17	44127898	44128070
chr17	44143902	44144098
chr17	44144914	44145033
chr17	44159806	44159908
chr17	44171925	44172067
chr17	44248220	44249598
chr17	44270188	44270795
chr1	6094747	6094854
chr1	6100576	6100705
chr1	6101890	6101932
chr1	6132814	6132858
chr1	6133792	6133830
chr1	6142254	6142334
chr1	6145263	6145308
chr1	6147526	6147571
chr1	6149067	6149111
chr1	6150448	6150535
chr1	6154459	6154545
chr1	6155382	6155503
chr1	6155589	6155684
chr1	6156695	6156816
chr1	6157328	6157417
chr1	6158544	6161240
chr1	6052735	6052848
chr1	6100576	6100705
chr1	6101890	6101932
chr1	6132814	6132858
chr1	6133792	6133830
chr1	6142254	6142334
chr1	6145263	6145308
chr1	6147526	6147571
chr1	6149067	6149111
chr1	6150448	6150535
chr1	6154459	6154545
chr1	6155382	6155503
chr1	6155589	6155684
chr1	6156695	6156816
chr1	6157328	6157417
chr1	6158544	6161240
chr1	6105947	6106243
chr1	6111570	6111814
chr1	6132814	6132858
chr1	6133792	6133830
chr1	6142254	6142334
chr1	6145263	6145308
chr1	6147526	6147571
chr1	6149067	6149111
chr1	6150448	6150535
chr1	6151322	6151367
chr1	6154459	6154545
chr1	6155382	6155503
chr1	6155589	6155684
chr1	6156695	6156816
chr1	6157328	6157417
chr1	6158544	6161240
chr1	6105947	6106243
chr1	6132814	6132858
chr1	6133792	6133830
chr1	6142254	6142334
chr1	6145263	6145308
chr1	6147526	6147571
chr1	6149067	6149111
chr1	6150448	6150535
chr1	6154459	6154545
chr1	6155382	6155503
chr1	6155589	6155684
chr1	6156695	6156816
chr1	6157328	6157417
chr1	6158544	6161240
chr1	6086392	6086505
chr1	6100576	6100705
chr1	6101890	6101932
chr1	6132814	6132858
chr1	6133792	6133830
chr1	6142254	6142334
chr1	6145263	6145308
chr1	6147526	6147571
chr1	6149067	6149111
chr1	6150448	6150535
chr1	6154459	6154545
chr1	6155382	6155503
chr1	6155589	6155684
chr1	6156695	6156816
chr1	6157328	6157417
chr1	6158544	6161240
chr1	6086392	6086505
chr1	6100576	6100705
chr1	6132814	6132858
chr1	6133792	6133830
chr1	6142254	6142334
chr1	6145263	6145308
chr1	6147526	6147571
chr1	6149067	6149111
chr1	6150448	6150535
chr1	6154459	6154545
chr1	6155382	6155503
chr1	6155589	6155684
chr1	6156695	6156816
chr1	6157328	6157417
chr1	6158544	6161240
chr12	1136913	1137738
chr12	1192329	1192746
chr12	1213915	1213990
chr12	1219357	1219513
chr12	1221380	1221464
chr12	1225031	1225199
chr12	1250785	1250953
chr12	1289705	1289843
chr12	1291090	1291231
chr12	1292446	1292587
chr12	1299024	1299218
chr12	1345934	1346070
chr12	1372199	1372331
chr12	1399017	1399178
chr12	1480998	1481143
chr12	1517314	1517413
chr12	1553727	1553916
chr12	1590008	1590064
chr12	1599258	1605099
chr12	1100388	1100488
chr12	1136913	1137738
chr12	1192329	1192746
chr12	1213915	1213990
chr12	1219357	1219513
chr12	1225031	1225199
chr12	1250785	1250953
chr12	1289705	1289843
chr12	1291090	1291231
chr12	1292446	1292587
chr12	1299024	1299218
chr12	1345934	1346070
chr12	1372199	1372331
chr12	1399017	1399178
chr12	1480998	1481143
chr12	1517314	1517413
chr12	1553727	1553916
chr12	1599258	1605097
chr12	1100388	1100488
chr12	1136913	1137738
chr12	1192329	1192746
chr12	1213915	1213990
chr12	1219357	1219513
chr12	1221380	1221464
chr12	1225031	1225199
chr12	1250785	1250953
chr12	1289705	1289843
chr12	1291090	1291231
chr12	1292446	1292587
chr12	1299024	1299218
chr12	1345934	1346070
chr12	1372199	1372331
chr12	1399017	1399178
chr12	1480998	1481143
chr12	1517314	1517413
chr12	1553727	1553916
chr12	1599258	1605097
chr12	1100388	1100653
chr12	1136913	1137738
chr12	1192329	1192746
chr12	1213915	1213990
chr12	1219357	1219513
chr12	1225031	1225199
chr12	1250785	1250953
chr12	1289705	1289843
chr12	1291090	1291231
chr12	1292446	1292587
chr12	1299024	1299218
chr12	1313666	1313678
chr12	1345934	1346070
chr12	1399017	1399178
chr12	1480998	1481143
chr12	1517314	1517413
chr12	1519554	1519619
chr12	1553727	1553916
chr12	1599258	1605097
chr12	1100388	1100653
chr12	1136913	1137738
chr12	1192329	1192746
chr12	1213915	1213990
chr12	1219357	1219513
chr12	1225031	1225199
chr12	1250785	1250953
chr12	1289705	1289843
chr12	1291090	1291231
chr12	1292446	1292587
chr12	1299024	1299218
chr12	1313666	1313678
chr12	1345934	1346070
chr12	1372199	1372331
chr12	1399017	1399178
chr12	1480998	1481143
chr12	1517314	1517413
chr12	1519554	1519619
chr12	1553727	1553916
chr12	1599258	1605097
chr12	1100388	1100488
chr12	1136913	1137738
chr12	1250785	1250953
chr12	1289705	1289843
chr12	1291090	1291231
chr12	1292446	1292587
chr12	1299024	1299218
chr12	1313666	1313678
chr12	1345934	1346070
chr12	1372199	1372331
chr12	1399017	1399178
chr12	1480998	1481143
chr12	1517314	1517413
chr12	1519554	1519619
chr12	1553727	1553916
chr12	1599258	1605097
chr8	11561710	11561813
chr8	11565364	11566437
chr8	11606424	11606594
chr8	11607619	11607745
chr8	11612554	11612642
chr8	11614443	11614592
chr8	11615801	11617511
chr8	11534443	11534572
chr8	11558019	11558287
chr8	11606424	11606594
chr8	11607619	11607745
chr8	11612554	11612642
chr8	11614443	11614592
chr8	11615801	11617511
chr8	11561710	11561813
chr8	11606427	11606594
chr8	11607619	11607745
chr8	11612554	11612642
chr8	11614443	11614592
chr8	11615801	11617511
chr8	11561710	11561813
chr8	11565364	11565523
chr8	11606427	11606594
chr8	11612554	11612642
chr8	11614443	11614592
chr8	11615801	11617511
chr8	11561710	11561813
chr8	11565364	11566437
chr8	11606427	11606594
chr8	11607619	11607745
chr8	11612554	11612642
chr8	11614443	11614592
chr8	11615801	11617511
chr17	30264025	30264539
chr17	30267304	30267351
chr17	30267440	30267505
chr17	30293165	30293215
chr17	30300164	30300250
chr17	30302500	30302732
chr17	30303539	30303633
chr17	30310017	30310123
chr17	30315338	30315516
chr17	30320260	30320352
chr17	30320883	30321027
chr17	30321582	30321740
chr17	30322582	30322781
chr17	30323816	30323896
chr17	30325676	30328057
chr17	30264025	30264539
chr17	30267304	30267351
chr17	30267440	30267505
chr17	30274635	30274704
chr17	30293165	30293215
chr17	30300164	30300250
chr17	30302500	30302732
chr17	30303539	30303633
chr17	30310017	30310123
chr17	30315338	30315516
chr17	30320260	30320352
chr17	30320883	30321027
chr17	30321582	30321740
chr17	30322582	30322781
chr17	30323816	30323896
chr17	30325676	30328057
chr5	176561229	176561246
chr5	176562087	176562201
chr5	176562941	176563031
chr5	176618884	176619020
chr5	176631120	176631293
chr5	176636636	176639196
chr5	176662821	176662946
chr5	176665237	176665508
chr5	176666756	176666866
chr5	176671195	176671271
chr5	176673678	176673797
chr5	176675181	176675325
chr5	176678730	176678854
chr5	176683951	176684152
chr5	176686989	176687169
chr5	176694562	176694719
chr5	176696602	176696808
chr5	176700672	176700785
chr5	176707565	176707835
chr5	176709465	176709582
chr5	176710787	176710929
chr5	176715819	176715926
chr5	176718954	176719159
chr5	176720832	176727214
chr5	176560773	176560953
chr5	176562087	176563031
chr5	176618884	176619020
chr5	176631120	176631293
chr5	176636636	176639196
chr5	176662821	176662946
chr5	176665237	176665508
chr5	176666756	176666866
chr5	176671195	176671271
chr5	176673678	176673797
chr5	176675181	176675325
chr5	176678730	176678854
chr5	176683951	176684152
chr5	176686989	176687169
chr5	176694562	176694719
chr5	176696602	176696808
chr5	176700672	176700785
chr5	176707565	176707835
chr5	176709465	176709582
chr5	176710787	176710929
chr5	176715819	176715926
chr5	176718954	176719159
chr5	176720832	176727214
chr5	176560015	176560155
chr5	176562087	176562201
chr5	176562941	176563031
chr5	176618884	176619020
chr5	176631120	176631293
chr5	176636636	176639196
chr5	176662821	176662946
chr5	176665237	176665508
chr5	176666756	176666866
chr5	176671195	176671271
chr5	176673678	176673797
chr5	176675181	176675325
chr5	176678730	176678854
chr5	176683951	176684152
chr5	176686989	176687169
chr5	176694562	176694719
chr5	176696602	176696808
chr5	176700672	176700785
chr5	176707565	176707835
chr5	176709465	176709582
chr5	176710787	176710929
chr5	176715819	176715926
chr5	176718954	176719159
chr5	176720832	176727214
chr22	51111250	51111281
chr22	51112503	51113007
chr22	51113009	51113132
chr22	51113475	51113679
chr22	51115049	51115121
chr22	51117012	51117121
chr22	51117196	51117348
chr22	51117446	51117614
chr22	51117739	51117856
chr22	51121767	51121845
chr22	51123012	51123079
chr22	51133202	51133474
chr22	51135984	51135989
chr22	51135991	51136143
chr22	51137117	51137231
chr22	51142287	51142363
chr22	51142593	51142676
chr22	51143165	51143290
chr22	51143391	51143524
chr22	51144499	51144580
chr22	51150042	51150066
chr22	51153344	51153475
chr22	51154096	51154181
chr22	51158611	51160865
chr22	51169148	51171640
chr2	239969863	239974832
chr2	239975155	239975297
chr2	239976444	239976529
chr2	239988417	239988551
chr2	239990184	239990303
chr2	240002790	240002888
chr2	240003797	240003917
chr2	240005850	240005938
chr2	240009254	240009310
chr2	240011704	240011812
chr2	240016705	240016752
chr2	240024471	240024592
chr2	240029745	240029879
chr2	240033221	240033408
chr2	240036748	240037006
chr2	240048151	240048390
chr2	240055940	240056139
chr2	240056222	240056339
chr2	240061379	240061492
chr2	240066278	240066410
chr2	240078347	240078469
chr2	240085498	240085619
chr2	240098108	240098259
chr2	240111528	240111773
chr2	240158288	240158360
chr2	240274372	240274613
chr2	240322671	240322714
chr2	239969863	239974832
chr2	239975155	239975297
chr2	239976444	239976529
chr2	239988417	239988551
chr2	239990184	239990303
chr2	240002790	240002888
chr2	240003797	240003917
chr2	240005850	240005938
chr2	240009254	240009310
chr2	240011704	240011812
chr2	240016705	240016752
chr2	240024471	240024592
chr2	240029745	240029879
chr2	240033221	240033408
chr2	240036748	240037006
chr2	240048151	240048390
chr2	240055940	240056139
chr2	240056222	240056339
chr2	240061379	240061492
chr2	240066278	240066410
chr2	240078347	240078469
chr2	240085498	240085619
chr2	240098108	240098259
chr2	240111528	240111773
chr2	240158288	240158360
chr2	240274372	240274613
chr2	240323095	240323343
chr2	239969863	239974832
chr2	239975155	239975297
chr2	239976444	239976529
chr2	239988417	239988551
chr2	239990184	239990303
chr2	240002790	240002888
chr2	240003797	240003917
chr2	240005850	240005938
chr2	240009254	240009310
chr2	240011704	240011812
chr2	240016705	240016752
chr2	240024471	240024592
chr2	240029745	240029879
chr2	240033221	240033408
chr2	240036748	240037006
chr2	240048151	240048375
chr2	240055940	240056139
chr2	240056222	240056339
chr2	240061379	240061492
chr2	240066278	240066410
chr2	240078347	240078469
chr2	240085498	240085619
chr2	240098108	240098259
chr2	240111528	240111773
chr2	240158288	240158360
chr2	240274372	240274613
chr2	240322671	240322714
chr2	239969863	239974832
chr2	239975155	239975297
chr2	239976444	239976529
chr2	239988417	239988551
chr2	239990184	239990303
chr2	240002790	240002888
chr2	240003797	240003917
chr2	240005850	240005938
chr2	240009254	240009310
chr2	240011704	240011812
chr2	240016705	240016752
chr2	240024471	240024592
chr2	240029745	240029879
chr2	240033221	240033408
chr2	240036748	240037006
chr2	240048151	240048375
chr2	240055940	240056139
chr2	240056222	240056339
chr2	240061379	240061492
chr2	240066278	240066410
chr2	240078347	240078469
chr2	240085498	240085619
chr2	240098108	240098259
chr2	240111528	240111773
chr2	240158288	240158360
chr2	240274372	240274613
chr2	240323095	240323343
chr2	239969863	239974832
chr2	239975155	239975297
chr2	239976444	239976529
chr2	239988417	239988551
chr2	239990184	239990303
chr2	240002790	240002888
chr2	240003797	240003917
chr2	240005850	240005938
chr2	240009254	240009310
chr2	240011704	240011812
chr2	240016705	240016752
chr2	240024471	240024592
chr2	240029745	240029879
chr2	240033221	240033408
chr2	240036748	240037006
chr2	240048151	240048375
chr2	240055940	240056139
chr2	240056222	240056339
chr2	240061379	240061492
chr2	240066278	240066410
chr2	240078347	240078469
chr2	240085498	240085619
chr2	240098108	240098259
chr2	240111528	240111773
chr2	240158288	240158360
chr2	240274372	240274613
chr2	240322070	240322714
chr22	19748300	19748803
chr22	19750763	19750865
chr22	19751677	19751849
chr22	19752480	19752636
chr22	19753280	19753348
chr22	19753424	19753525
chr22	19753911	19754857
chr22	19744225	19744268
chr22	19747080	19747200
chr22	19748427	19748803
chr22	19750763	19750865
chr22	19751677	19751849
chr22	19752480	19752636
chr22	19753280	19753348
chr22	19753424	19753525
chr22	19770435	19770555
chr22	19770836	19771116
chr22	19744225	19744268
chr22	19747080	19747200
chr22	19748427	19748803
chr22	19750763	19750865
chr22	19751677	19751849
chr22	19752480	19752636
chr22	19753280	19753348
chr22	19753424	19753525
chr22	19766742	19767069
chr22	19744225	19744268
chr22	19747080	19747200
chr22	19748427	19748803
chr22	19750763	19750865
chr22	19751677	19751849
chr22	19752480	19752636
chr22	19753280	19753348
chr22	19753424	19753525
chr22	19753911	19754855
chr8	9413421	9414122
chr8	9437668	9437893
chr8	9473091	9473187
chr8	9537460	9537497
chr8	9538234	9538310
chr8	9562172	9562267
chr8	9563696	9563763
chr8	9564320	9564507
chr8	9565880	9566002
chr8	9567464	9567556
chr8	9567651	9567730
chr8	9577883	9578055
chr8	9584150	9584230
chr8	9588399	9588545
chr8	9590788	9590954
chr8	9592374	9592594
chr8	9592886	9592996
chr8	9605533	9605722
chr8	9609118	9609356
chr8	9610053	9610136
chr8	9619025	9619146
chr8	9620656	9620754
chr8	9622225	9622300
chr8	9623201	9623307
chr8	9623748	9623935
chr8	9627615	9627772
chr8	9634159	9639856
chrY	14813159	14813984
chrY	14820566	14820626
chrY	14821320	14821476
chrY	14832521	14832670
chrY	14834040	14834120
chrY	14837045	14837158
chrY	14838507	14838726
chrY	14847545	14847661
chrY	14847931	14848183
chrY	14848344	14848483
chrY	14850090	14850243
chrY	14851458	14851563
chrY	14869121	14869328
chrY	14870435	14870572
chrY	14872413	14872547
chrY	14883001	14883089
chrY	14885516	14885859
chrY	14887404	14887500
chrY	14888582	14888794
chrY	14889952	14890193
chrY	14890539	14890689
chrY	14891459	14891580
chrY	14898136	14898267
chrY	14898454	14898733
chrY	14902339	14902465
chrY	14903431	14903557
chrY	14904964	14905134
chrY	14922113	14922222
chrY	14922606	14922753
chrY	14923569	14923716
chrY	14924764	14924987
chrY	14928058	14928279
chrY	14930354	14930545
chrY	14945613	14945787
chrY	14949836	14949978
chrY	14951789	14952540
chrY	14952935	14953059
chrY	14954165	14954391
chrY	14954988	14955118
chrY	14958257	14958443
chrY	14958857	14959078
chrY	14959163	14959252
chrY	14968264	14968421
chrY	14968557	14968770
chrY	14969490	14969586
chrY	14971203	14972764
chr1	145507608	145507733
chr1	145508015	145508075
chr1	145508206	145508284
chr1	145508474	145508611
chr1	145508915	145509052
chr1	145509165	145513536
chr22	21271694	21272533
chr22	21288066	21288532
chr22	21303998	21308035
chr22	21271694	21272533
chr22	21288066	21288532
chr22	21303998	21305553
chr22	21307493	21308035
chr7	96649707	96650377
chr7	96651496	96651681
chr7	96653580	96654143
chr7	96649707	96650377
chr7	96651496	96651681
chr7	96653580	96654143
chr7	96318073	96318278
chr7	96324109	96324203
chr7	96338999	96339158
chr7	96250968	96251955
chr7	96275035	96275248
chr7	96276740	96276852
chr7	96285768	96285897
chr7	96293514	96293650
chr7	96110937	96113300
chr7	96114136	96114166
chr7	96115514	96115729
chr7	96125595	96125653
chr7	96132794	96132835
chr7	96110937	96113300
chr7	96115514	96115729
chr7	96125595	96125653
chr7	96132794	96132835
chr7	96110937	96113300
chr7	96115514	96115729
chr7	96135934	96136010
chr7	96187428	96187568
chr7	96266551	96266618
chr7	96324109	96324203
chr7	96338999	96339158
chr7	96110937	96113300
chr7	96115514	96115729
chr7	96135934	96136010
chr7	96324109	96324203
chr7	96338999	96339158
chr7	96110937	96113300
chr7	96115514	96115729
chr7	96125595	96125653
chr7	96135934	96136010
chr7	96285768	96285897
chr7	96324109	96324203
chr7	96338999	96339158
chr7	96110937	96113300
chr7	96115514	96115729
chr7	96125595	96125653
chr7	96135934	96136010
chr7	96324109	96324203
chr7	96338999	96339158
chr7	96634864	96635725
chr7	96636949	96637143
chr7	96639107	96640352
chr17	1247568	1248793
chr17	1257504	1257641
chr17	1264385	1264592
chr17	1265195	1265302
chr17	1268152	1268352
chr17	1303340	1303516
chr17	1247568	1248793
chr17	1257504	1257641
chr17	1264385	1264592
chr17	1265195	1265302
chr17	1268152	1268352
chr17	1273002	1273035
chr17	1303340	1303516
chr11	44281989	44286733
chr11	44289043	44289172
chr11	44296897	44297208
chr11	44331146	44331689
chr8	77593481	77593855
chr8	77616277	77618913
chr8	77619780	77620283
chr8	77690443	77690675
chr8	77745573	77745642
chr8	77754890	77755007
chr8	77761230	77761364
chr8	77761747	77761948
chr8	77762480	77762598
chr8	77763121	77768536
chr8	77775329	77779517
chr8	10581277	10584176
chr8	10587705	10588021
chr8	9760897	9760982
chr8	10892715	10892812
